,date,PCCF hospitalizations per day,PHE actual hospitalizations per day,Warwick assuming reopening on 21 Jun,Warwick with reopening delayed four weeks
0,15-Dec-20,1831,1730.0,,
1,15-Dec-20,1835,1730.0,,
2,15-Dec-20,1838,1730.0,,
3,15-Dec-20,1841,1730.0,,
4,16-Dec-20,1845,1796.0,,
5,16-Dec-20,1850,1796.0,,
6,16-Dec-20,1856,1796.0,,
7,16-Dec-20,1861,1796.0,,
8,17-Dec-20,1866,1873.0,,
9,17-Dec-20,1877,1873.0,,
10,17-Dec-20,1888,1873.0,,
11,17-Dec-20,1898,1873.0,,
12,18-Dec-20,1909,1672.0,,
13,18-Dec-20,1921,1672.0,,
14,18-Dec-20,1933,1672.0,,
15,18-Dec-20,1944,1672.0,,
16,19-Dec-20,1956,1812.0,,
17,19-Dec-20,1970,1812.0,,
18,19-Dec-20,1983,1812.0,,
19,19-Dec-20,1996,1812.0,,
20,20-Dec-20,2009,1976.0,,
21,20-Dec-20,2022,1976.0,,
22,20-Dec-20,2035,1976.0,,
23,20-Dec-20,2048,1976.0,,
24,21-Dec-20,2061,2115.0,,
25,21-Dec-20,2076,2115.0,,
26,21-Dec-20,2091,2115.0,,
27,21-Dec-20,2106,2115.0,,
28,22-Dec-20,2121,2203.0,,
29,22-Dec-20,2135,2203.0,,
30,22-Dec-20,2150,2203.0,,
31,22-Dec-20,2164,2203.0,,
32,23-Dec-20,2179,1980.0,,
33,23-Dec-20,2194,1980.0,,
34,23-Dec-20,2209,1980.0,,
35,23-Dec-20,2225,1980.0,,
36,24-Dec-20,2240,1795.0,,
37,24-Dec-20,2252,1795.0,,
38,24-Dec-20,2264,1795.0,,
39,24-Dec-20,2276,1795.0,,
40,25-Dec-20,2288,1952.0,,
41,25-Dec-20,2301,1952.0,,
42,25-Dec-20,2314,1952.0,,
43,25-Dec-20,2326,1952.0,,
44,26-Dec-20,2339,2298.0,,
45,26-Dec-20,2353,2298.0,,
46,26-Dec-20,2368,2298.0,,
47,26-Dec-20,2382,2298.0,,
48,27-Dec-20,2397,2572.0,,
49,27-Dec-20,2418,2572.0,,
50,27-Dec-20,2440,2572.0,,
51,27-Dec-20,2462,2572.0,,
52,28-Dec-20,2484,2795.0,,
53,28-Dec-20,2503,2795.0,,
54,28-Dec-20,2521,2795.0,,
55,28-Dec-20,2541,2795.0,,
56,29-Dec-20,2560,2886.0,,
57,29-Dec-20,2581,2886.0,,
58,29-Dec-20,2602,2886.0,,
59,29-Dec-20,2623,2886.0,,
60,30-Dec-20,2644,2861.0,,
61,30-Dec-20,2672,2861.0,,
62,30-Dec-20,2700,2861.0,,
63,30-Dec-20,2728,2861.0,,
64,31-Dec-20,2756,2536.0,,
65,31-Dec-20,2787,2536.0,,
66,31-Dec-20,2818,2536.0,,
67,31-Dec-20,2849,2536.0,,
68,01-Jan-21,2881,3010.0,,
69,01-Jan-21,2913,3010.0,,
70,01-Jan-21,2945,3010.0,,
71,01-Jan-21,2977,3010.0,,
72,02-Jan-21,3010,3145.0,,
73,02-Jan-21,3043,3145.0,,
74,02-Jan-21,3077,3145.0,,
75,02-Jan-21,3111,3145.0,,
76,03-Jan-21,3145,3351.0,,
77,03-Jan-21,3176,3351.0,,
78,03-Jan-21,3207,3351.0,,
79,03-Jan-21,3238,3351.0,,
80,04-Jan-21,3270,3587.0,2965.915,3096.792
81,04-Jan-21,3304,3587.0,2965.915,3096.792
82,04-Jan-21,3338,3587.0,2965.915,3096.792
83,04-Jan-21,3372,3587.0,2965.915,3096.792
84,05-Jan-21,3407,3697.0,3049.594,3229.397
85,05-Jan-21,3440,3697.0,3049.594,3229.397
86,05-Jan-21,3473,3697.0,3049.594,3229.397
87,05-Jan-21,3506,3697.0,3049.594,3229.397
88,06-Jan-21,3540,3967.0,3131.683,3362.763
89,06-Jan-21,3565,3967.0,3131.683,3362.763
90,06-Jan-21,3590,3967.0,3131.683,3362.763
91,06-Jan-21,3616,3967.0,3131.683,3362.763
92,07-Jan-21,3641,3849.0,3314.851,3500.104
93,07-Jan-21,3663,3849.0,3314.851,3500.104
94,07-Jan-21,3685,3849.0,3314.851,3500.104
95,07-Jan-21,3707,3849.0,3314.851,3500.104
96,08-Jan-21,3729,3549.0,3556.37,3637.445
97,08-Jan-21,3746,3549.0,3556.37,3637.445
98,08-Jan-21,3763,3549.0,3556.37,3637.445
99,08-Jan-21,3781,3549.0,3556.37,3637.445
100,09-Jan-21,3798,3718.0,3815.265,3716.192
101,09-Jan-21,3810,3718.0,3815.265,3716.192
102,09-Jan-21,3821,3718.0,3815.265,3716.192
103,09-Jan-21,3832,3718.0,3815.265,3716.192
104,10-Jan-21,3844,3571.0,3928.328,3782.494
105,10-Jan-21,3851,3571.0,3928.328,3782.494
106,10-Jan-21,3858,3571.0,3928.328,3782.494
107,10-Jan-21,3864,3571.0,3928.328,3782.494
108,11-Jan-21,3871,3894.0,4002.274,3831.812
109,11-Jan-21,3878,3894.0,4002.274,3831.812
110,11-Jan-21,3884,3894.0,4002.274,3831.812
111,11-Jan-21,3890,3894.0,4002.274,3831.812
112,12-Jan-21,3896,4134.0,3972.806,3863.385
113,12-Jan-21,3897,4134.0,3972.806,3863.385
114,12-Jan-21,3898,4134.0,3972.806,3863.385
115,12-Jan-21,3899,4134.0,3972.806,3863.385
116,13-Jan-21,3900,3840.0,3943.338,3894.958
117,13-Jan-21,3895,3840.0,3943.338,3894.958
118,13-Jan-21,3890,3840.0,3943.338,3894.958
119,13-Jan-21,3885,3840.0,3943.338,3894.958
120,14-Jan-21,3880,3678.0,3913.87,3926.53
121,14-Jan-21,3872,3678.0,3913.87,3926.53
122,14-Jan-21,3863,3678.0,3913.87,3926.53
123,14-Jan-21,3853,3678.0,3913.87,3926.53
124,15-Jan-21,3844,3295.0,3884.403,3889.657
125,15-Jan-21,3833,3295.0,3884.403,3889.657
126,15-Jan-21,3823,3295.0,3884.403,3889.657
127,15-Jan-21,3812,3295.0,3884.403,3889.657
128,16-Jan-21,3800,3569.0,3854.935,3851.77
129,16-Jan-21,3789,3569.0,3854.935,3851.77
130,16-Jan-21,3777,3569.0,3854.935,3851.77
131,16-Jan-21,3765,3569.0,3854.935,3851.77
132,17-Jan-21,3753,3424.0,3803.097,3810.86
133,17-Jan-21,3739,3424.0,3803.097,3810.86
134,17-Jan-21,3724,3424.0,3803.097,3810.86
135,17-Jan-21,3710,3424.0,3803.097,3810.86
136,18-Jan-21,3695,3711.0,3746.267,3726.967
137,18-Jan-21,3679,3711.0,3746.267,3726.967
138,18-Jan-21,3662,3711.0,3746.267,3726.967
139,18-Jan-21,3645,3711.0,3746.267,3726.967
140,19-Jan-21,3628,3768.0,3689.436,3643.074
141,19-Jan-21,3610,3768.0,3689.436,3643.074
142,19-Jan-21,3591,3768.0,3689.436,3643.074
143,19-Jan-21,3573,3768.0,3689.436,3643.074
144,20-Jan-21,3554,3679.0,3632.605,3559.181
145,20-Jan-21,3534,3679.0,3632.605,3559.181
146,20-Jan-21,3513,3679.0,3632.605,3559.181
147,20-Jan-21,3492,3679.0,3632.605,3559.181
148,21-Jan-21,3471,3237.0,3520.465,3475.288
149,21-Jan-21,3449,3237.0,3520.465,3475.288
150,21-Jan-21,3427,3237.0,3520.465,3475.288
151,21-Jan-21,3405,3237.0,3520.465,3475.288
152,22-Jan-21,3382,3016.0,3409.154,3356.103
153,22-Jan-21,3358,3016.0,3409.154,3356.103
154,22-Jan-21,3335,3016.0,3409.154,3356.103
155,22-Jan-21,3311,3016.0,3409.154,3356.103
156,23-Jan-21,3286,2780.0,3314.436,3241.842
157,23-Jan-21,3260,2780.0,3314.436,3241.842
158,23-Jan-21,3234,2780.0,3314.436,3241.842
159,23-Jan-21,3208,2780.0,3314.436,3241.842
160,24-Jan-21,3182,2824.0,3245.299,3147.124
161,24-Jan-21,3155,2824.0,3245.299,3147.124
162,24-Jan-21,3129,2824.0,3245.299,3147.124
163,24-Jan-21,3103,2824.0,3245.299,3147.124
164,25-Jan-21,3076,2648.0,3182.153,3052.406
165,25-Jan-21,3050,2648.0,3182.153,3052.406
166,25-Jan-21,3023,2648.0,3182.153,3052.406
167,25-Jan-21,2996,2648.0,3182.153,3052.406
168,26-Jan-21,2970,2799.0,3119.008,2997.05
169,26-Jan-21,2942,2799.0,3119.008,2997.05
170,26-Jan-21,2914,2799.0,3119.008,2997.05
171,26-Jan-21,2887,2799.0,3119.008,2997.05
172,27-Jan-21,2859,2742.0,3048.119,2946.534
173,27-Jan-21,2830,2742.0,3048.119,2946.534
174,27-Jan-21,2802,2742.0,3048.119,2946.534
175,27-Jan-21,2773,2742.0,3048.119,2946.534
176,28-Jan-21,2745,2719.0,2959.716,2896.018
177,28-Jan-21,2715,2719.0,2959.716,2896.018
178,28-Jan-21,2686,2719.0,2959.716,2896.018
179,28-Jan-21,2656,2719.0,2959.716,2896.018
180,29-Jan-21,2627,2379.0,2878.319,2821.073
181,29-Jan-21,2598,2379.0,2878.319,2821.073
182,29-Jan-21,2568,2379.0,2878.319,2821.073
183,29-Jan-21,2539,2379.0,2878.319,2821.073
184,30-Jan-21,2510,2193.0,2802.544,2697.041
185,30-Jan-21,2481,2193.0,2802.544,2697.041
186,30-Jan-21,2452,2193.0,2802.544,2697.041
187,30-Jan-21,2423,2193.0,2802.544,2697.041
188,31-Jan-21,2394,2183.0,2726.77,2540.57
189,31-Jan-21,2365,2183.0,2726.77,2540.57
190,31-Jan-21,2337,2183.0,2726.77,2540.57
191,31-Jan-21,2309,2183.0,2726.77,2540.57
192,01-Feb-21,2281,2347.0,2651.383,2468.584
193,01-Feb-21,2252,2347.0,2651.383,2468.584
194,01-Feb-21,2222,2347.0,2651.383,2468.584
195,01-Feb-21,2194,2347.0,2651.383,2468.584
196,02-Feb-21,2165,2222.0,2583.186,2396.598
197,02-Feb-21,2136,2222.0,2583.186,2396.598
198,02-Feb-21,2108,2222.0,2583.186,2396.598
199,02-Feb-21,2080,2222.0,2583.186,2396.598
200,03-Feb-21,2052,2096.0,2514.989,2322.456
201,03-Feb-21,2025,2096.0,2514.989,2322.456
202,03-Feb-21,1998,2096.0,2514.989,2322.456
203,03-Feb-21,1972,2096.0,2514.989,2322.456
204,04-Feb-21,1946,1907.0,2440.196,2234.052
205,04-Feb-21,1919,1907.0,2440.196,2234.052
206,04-Feb-21,1894,1907.0,2440.196,2234.052
207,04-Feb-21,1868,1907.0,2440.196,2234.052
208,05-Feb-21,1843,1757.0,2321.799,2157.633
209,05-Feb-21,1818,1757.0,2321.799,2157.633
210,05-Feb-21,1794,1757.0,2321.799,2157.633
211,05-Feb-21,1769,1757.0,2321.799,2157.633
212,06-Feb-21,1745,1679.0,2203.402,2100.802
213,06-Feb-21,1721,1679.0,2203.402,2100.802
214,06-Feb-21,1697,1679.0,2203.402,2100.802
215,06-Feb-21,1674,1679.0,2203.402,2100.802
216,07-Feb-21,1650,1675.0,2110.303,2043.971
217,07-Feb-21,1627,1675.0,2110.303,2043.971
218,07-Feb-21,1604,1675.0,2110.303,2043.971
219,07-Feb-21,1582,1675.0,2110.303,2043.971
220,08-Feb-21,1560,1739.0,2023.704,1989.629
221,08-Feb-21,1538,1739.0,2023.704,1989.629
222,08-Feb-21,1517,1739.0,2023.704,1989.629
223,08-Feb-21,1495,1739.0,2023.704,1989.629
224,09-Feb-21,1474,1531.0,1937.105,1938.211
225,09-Feb-21,1454,1531.0,1937.105,1938.211
226,09-Feb-21,1433,1531.0,1937.105,1938.211
227,09-Feb-21,1413,1531.0,1937.105,1938.211
228,10-Feb-21,1394,1535.0,1850.506,1886.793
229,10-Feb-21,1374,1535.0,1850.506,1886.793
230,10-Feb-21,1355,1535.0,1850.506,1886.793
231,10-Feb-21,1336,1535.0,1850.506,1886.793
232,11-Feb-21,1318,1440.0,1800.312,1835.375
233,11-Feb-21,1299,1440.0,1800.312,1835.375
234,11-Feb-21,1281,1440.0,1800.312,1835.375
235,11-Feb-21,1263,1440.0,1800.312,1835.375
236,12-Feb-21,1245,1318.0,1765.131,1774.889
237,12-Feb-21,1228,1318.0,1765.131,1774.889
238,12-Feb-21,1211,1318.0,1765.131,1774.889
239,12-Feb-21,1194,1318.0,1765.131,1774.889
240,13-Feb-21,1177,1240.0,1729.95,1699.115
241,13-Feb-21,1160,1240.0,1729.95,1699.115
242,13-Feb-21,1144,1240.0,1729.95,1699.115
243,13-Feb-21,1128,1240.0,1729.95,1699.115
244,14-Feb-21,1113,1364.0,1694.769,1623.341
245,14-Feb-21,1098,1364.0,1694.769,1623.341
246,14-Feb-21,1083,1364.0,1694.769,1623.341
247,14-Feb-21,1068,1364.0,1694.769,1623.341
248,15-Feb-21,1053,1322.0,1634.403,1561.038
249,15-Feb-21,1040,1322.0,1634.403,1561.038
250,15-Feb-21,1026,1322.0,1634.403,1561.038
251,15-Feb-21,1012,1322.0,1634.403,1561.038
252,16-Feb-21,1326,1311.0,1558.628,1515.032
253,16-Feb-21,1307,1311.0,1558.628,1515.032
254,16-Feb-21,1288,1311.0,1558.628,1515.032
255,16-Feb-21,1270,1311.0,1558.628,1515.032
256,17-Feb-21,1251,1233.0,1482.854,1469.027
257,17-Feb-21,1234,1233.0,1482.854,1469.027
258,17-Feb-21,1217,1233.0,1482.854,1469.027
259,17-Feb-21,1200,1233.0,1482.854,1469.027
260,18-Feb-21,1183,1149.0,1413.717,1423.021
261,18-Feb-21,1166,1149.0,1413.717,1423.021
262,18-Feb-21,1150,1149.0,1413.717,1423.021
263,18-Feb-21,1135,1149.0,1413.717,1423.021
264,19-Feb-21,1119,1068.0,1347.414,1369.113
265,19-Feb-21,1104,1068.0,1347.414,1369.113
266,19-Feb-21,1090,1068.0,1347.414,1369.113
267,19-Feb-21,1075,1068.0,1347.414,1369.113
268,20-Feb-21,1061,904.0,1281.112,1301.458
269,20-Feb-21,1047,904.0,1281.112,1301.458
270,20-Feb-21,1034,904.0,1281.112,1301.458
271,20-Feb-21,1021,904.0,1281.112,1301.458
272,21-Feb-21,1008,1009.0,1214.809,1233.802
273,21-Feb-21,996,1009.0,1214.809,1233.802
274,21-Feb-21,984,1009.0,1214.809,1233.802
275,21-Feb-21,972,1009.0,1214.809,1233.802
276,22-Feb-21,960,980.0,1149.178,1166.146
277,22-Feb-21,949,980.0,1149.178,1166.146
278,22-Feb-21,937,980.0,1149.178,1166.146
279,22-Feb-21,926,980.0,1149.178,1166.146
280,23-Feb-21,915,976.0,1105.879,1103.245
281,23-Feb-21,904,976.0,1105.879,1103.245
282,23-Feb-21,893,976.0,1105.879,1103.245
283,23-Feb-21,883,976.0,1105.879,1103.245
284,24-Feb-21,872,874.0,1062.579,1052.729
285,24-Feb-21,861,874.0,1062.579,1052.729
286,24-Feb-21,851,874.0,1062.579,1052.729
287,24-Feb-21,840,874.0,1062.579,1052.729
288,25-Feb-21,830,832.0,1019.279,1002.212
289,25-Feb-21,820,832.0,1019.279,1002.212
290,25-Feb-21,810,832.0,1019.279,1002.212
291,25-Feb-21,800,832.0,1019.279,1002.212
292,26-Feb-21,790,718.0,975.98,951.696
293,26-Feb-21,780,718.0,975.98,951.696
294,26-Feb-21,770,718.0,975.98,951.696
295,26-Feb-21,761,718.0,975.98,951.696
296,27-Feb-21,751,624.0,937.777,918.666
297,27-Feb-21,742,624.0,937.777,918.666
298,27-Feb-21,732,624.0,937.777,918.666
299,27-Feb-21,723,624.0,937.777,918.666
300,28-Feb-21,714,662.0,899.889,890.749
301,28-Feb-21,705,662.0,899.889,890.749
302,28-Feb-21,695,662.0,899.889,890.749
303,28-Feb-21,686,662.0,899.889,890.749
304,01-Mar-21,678,704.0,862.002,862.832
305,01-Mar-21,669,704.0,862.002,862.832
306,01-Mar-21,660,704.0,862.002,862.832
307,01-Mar-21,651,704.0,862.002,862.832
308,02-Mar-21,643,683.0,824.115,834.915
309,02-Mar-21,634,683.0,824.115,834.915
310,02-Mar-21,626,683.0,824.115,834.915
311,02-Mar-21,618,683.0,824.115,834.915
312,03-Mar-21,610,607.0,786.228,806.998
313,03-Mar-21,602,607.0,786.228,806.998
314,03-Mar-21,594,607.0,786.228,806.998
315,03-Mar-21,586,607.0,786.228,806.998
316,04-Mar-21,579,596.0,752.673,779.081
317,04-Mar-21,571,596.0,752.673,779.081
318,04-Mar-21,563,596.0,752.673,779.081
319,04-Mar-21,556,596.0,752.673,779.081
320,05-Mar-21,549,487.0,721.101,751.164
321,05-Mar-21,541,487.0,721.101,751.164
322,05-Mar-21,534,487.0,721.101,751.164
323,05-Mar-21,527,487.0,721.101,751.164
324,06-Mar-21,520,528.0,689.528,723.248
325,06-Mar-21,513,528.0,689.528,723.248
326,06-Mar-21,506,528.0,689.528,723.248
327,06-Mar-21,500,528.0,689.528,723.248
328,07-Mar-21,493,461.0,657.955,695.331
329,07-Mar-21,486,461.0,657.955,695.331
330,07-Mar-21,480,461.0,657.955,695.331
331,07-Mar-21,473,461.0,657.955,695.331
332,08-Mar-21,467,501.0,626.383,667.414
333,08-Mar-21,460,501.0,626.383,667.414
334,08-Mar-21,454,501.0,626.383,667.414
335,08-Mar-21,448,501.0,626.383,667.414
336,09-Mar-21,442,483.0,601.065,639.497
337,09-Mar-21,436,483.0,601.065,639.497
338,09-Mar-21,430,483.0,601.065,639.497
339,09-Mar-21,424,483.0,601.065,639.497
340,10-Mar-21,418,494.0,584.015,614.457
341,10-Mar-21,412,494.0,584.015,614.457
342,10-Mar-21,407,494.0,584.015,614.457
343,10-Mar-21,401,494.0,584.015,614.457
344,11-Mar-21,396,449.0,566.966,590.777
345,11-Mar-21,391,449.0,566.966,590.777
346,11-Mar-21,385,449.0,566.966,590.777
347,11-Mar-21,380,449.0,566.966,590.777
348,12-Mar-21,375,386.0,549.917,567.098
349,12-Mar-21,371,386.0,549.917,567.098
350,12-Mar-21,366,386.0,549.917,567.098
351,12-Mar-21,362,386.0,549.917,567.098
352,13-Mar-21,357,385.0,532.868,543.418
353,13-Mar-21,353,385.0,532.868,543.418
354,13-Mar-21,349,385.0,532.868,543.418
355,13-Mar-21,344,385.0,532.868,543.418
356,14-Mar-21,340,357.0,515.819,519.739
357,14-Mar-21,336,357.0,515.819,519.739
358,14-Mar-21,333,357.0,515.819,519.739
359,14-Mar-21,329,357.0,515.819,519.739
360,15-Mar-21,325,431.0,498.769,496.059
361,15-Mar-21,322,431.0,498.769,496.059
362,15-Mar-21,318,431.0,498.769,496.059
363,15-Mar-21,315,431.0,498.769,496.059
364,16-Mar-21,312,364.0,481.72,472.38
365,16-Mar-21,309,364.0,481.72,472.38
366,16-Mar-21,306,364.0,481.72,472.38
367,16-Mar-21,303,364.0,481.72,472.38
368,17-Mar-21,300,343.0,464.671,456.651
369,17-Mar-21,297,343.0,464.671,456.651
370,17-Mar-21,294,343.0,464.671,456.651
371,17-Mar-21,292,343.0,464.671,456.651
372,18-Mar-21,289,351.0,447.622,444.811
373,18-Mar-21,286,351.0,447.622,444.811
374,18-Mar-21,284,351.0,447.622,444.811
375,18-Mar-21,281,351.0,447.622,444.811
376,19-Mar-21,279,283.0,430.572,432.972
377,19-Mar-21,277,283.0,430.572,432.972
378,19-Mar-21,274,283.0,430.572,432.972
379,19-Mar-21,272,283.0,430.572,432.972
380,20-Mar-21,270,287.0,413.523,421.132
381,20-Mar-21,267,287.0,413.523,421.132
382,20-Mar-21,265,287.0,413.523,421.132
383,20-Mar-21,263,287.0,413.523,421.132
384,21-Mar-21,261,279.0,402.646,409.292
385,21-Mar-21,259,279.0,402.646,409.292
386,21-Mar-21,257,279.0,402.646,409.292
387,21-Mar-21,255,279.0,402.646,409.292
388,22-Mar-21,252,294.0,393.805,397.452
389,22-Mar-21,250,294.0,393.805,397.452
390,22-Mar-21,248,294.0,393.805,397.452
391,22-Mar-21,246,294.0,393.805,397.452
392,23-Mar-21,244,295.0,384.965,385.613
393,23-Mar-21,243,295.0,384.965,385.613
394,23-Mar-21,241,295.0,384.965,385.613
395,23-Mar-21,239,295.0,384.965,385.613
396,24-Mar-21,237,277.0,376.125,373.773
397,24-Mar-21,236,277.0,376.125,373.773
398,24-Mar-21,234,277.0,376.125,373.773
399,24-Mar-21,233,277.0,376.125,373.773
400,25-Mar-21,231,288.0,367.284,361.933
401,25-Mar-21,230,288.0,367.284,361.933
402,25-Mar-21,228,288.0,367.284,361.933
403,25-Mar-21,227,288.0,367.284,361.933
404,26-Mar-21,225,245.0,358.444,349.704
405,26-Mar-21,224,245.0,358.444,349.704
406,26-Mar-21,223,245.0,358.444,349.704
407,26-Mar-21,221,245.0,358.444,349.704
408,27-Mar-21,220,217.0,349.604,336.681
409,27-Mar-21,219,217.0,349.604,336.681
410,27-Mar-21,217,217.0,349.604,336.681
411,27-Mar-21,216,217.0,349.604,336.681
412,28-Mar-21,215,221.0,340.763,323.657
413,28-Mar-21,214,221.0,340.763,323.657
414,28-Mar-21,213,221.0,340.763,323.657
415,28-Mar-21,211,221.0,340.763,323.657
416,29-Mar-21,210,206.0,331.923,310.633
417,29-Mar-21,209,206.0,331.923,310.633
418,29-Mar-21,208,206.0,331.923,310.633
419,29-Mar-21,207,206.0,331.923,310.633
420,30-Mar-21,206,217.0,314.307,297.61
421,30-Mar-21,205,217.0,314.307,297.61
422,30-Mar-21,204,217.0,314.307,297.61
423,30-Mar-21,203,217.0,314.307,297.61
424,31-Mar-21,202,225.0,296.626,284.586
425,31-Mar-21,202,225.0,296.626,284.586
426,31-Mar-21,201,225.0,296.626,284.586
427,31-Mar-21,201,225.0,296.626,284.586
428,01-Apr-21,200,180.0,278.945,271.562
429,01-Apr-21,199,180.0,278.945,271.562
430,01-Apr-21,199,180.0,278.945,271.562
431,01-Apr-21,198,180.0,278.945,271.562
432,02-Apr-21,198,178.0,261.265,258.538
433,02-Apr-21,197,178.0,261.265,258.538
434,02-Apr-21,196,178.0,261.265,258.538
435,02-Apr-21,196,178.0,261.265,258.538
436,03-Apr-21,195,179.0,243.584,245.515
437,03-Apr-21,194,179.0,243.584,245.515
438,03-Apr-21,194,179.0,243.584,245.515
439,03-Apr-21,193,179.0,243.584,245.515
440,04-Apr-21,192,156.0,225.903,232.491
441,04-Apr-21,192,156.0,225.903,232.491
442,04-Apr-21,191,156.0,225.903,232.491
443,04-Apr-21,190,156.0,225.903,232.491
444,05-Apr-21,190,188.0,208.223,228.567
445,05-Apr-21,189,188.0,208.223,228.567
446,05-Apr-21,188,188.0,208.223,228.567
447,05-Apr-21,187,188.0,208.223,228.567
448,06-Apr-21,187,183.0,190.542,224.779
449,06-Apr-21,186,183.0,190.542,224.779
450,06-Apr-21,185,183.0,190.542,224.779
451,06-Apr-21,185,183.0,190.542,224.779
452,07-Apr-21,184,189.0,177.268,220.99
453,07-Apr-21,183,189.0,177.268,220.99
454,07-Apr-21,182,189.0,177.268,220.99
455,07-Apr-21,181,189.0,177.268,220.99
456,08-Apr-21,180,167.0,178.452,217.201
457,08-Apr-21,179,167.0,178.452,217.201
458,08-Apr-21,177,167.0,178.452,217.201
459,08-Apr-21,176,167.0,178.452,217.201
460,09-Apr-21,175,167.0,179.636,213.413
461,09-Apr-21,174,167.0,179.636,213.413
462,09-Apr-21,173,167.0,179.636,213.413
463,09-Apr-21,172,167.0,179.636,213.413
464,10-Apr-21,171,151.0,180.82,209.624
465,10-Apr-21,170,151.0,180.82,209.624
466,10-Apr-21,169,151.0,180.82,209.624
467,10-Apr-21,168,151.0,180.82,209.624
468,11-Apr-21,167,175.0,182.004,205.835
469,11-Apr-21,167,175.0,182.004,205.835
470,11-Apr-21,166,175.0,182.004,205.835
471,11-Apr-21,165,175.0,182.004,205.835
472,12-Apr-21,164,173.0,183.188,202.046
473,12-Apr-21,163,173.0,183.188,202.046
474,12-Apr-21,162,173.0,183.188,202.046
475,12-Apr-21,161,173.0,183.188,202.046
476,13-Apr-21,160,153.0,184.372,198.258
477,13-Apr-21,159,153.0,184.372,198.258
478,13-Apr-21,158,153.0,184.372,198.258
479,13-Apr-21,157,153.0,184.372,198.258
480,14-Apr-21,156,156.0,185.556,194.469
481,14-Apr-21,155,156.0,185.556,194.469
482,14-Apr-21,154,156.0,185.556,194.469
483,14-Apr-21,153,156.0,185.556,194.469
484,15-Apr-21,153,127.0,186.739,190.68
485,15-Apr-21,152,127.0,186.739,190.68
486,15-Apr-21,151,127.0,186.739,190.68
487,15-Apr-21,150,127.0,186.739,190.68
488,16-Apr-21,149,118.0,187.923,186.892
489,16-Apr-21,149,118.0,187.923,186.892
490,16-Apr-21,148,118.0,187.923,186.892
491,16-Apr-21,147,118.0,187.923,186.892
492,17-Apr-21,146,135.0,186.647,183.103
493,17-Apr-21,146,135.0,186.647,183.103
494,17-Apr-21,145,135.0,186.647,183.103
495,17-Apr-21,144,135.0,186.647,183.103
496,18-Apr-21,144,112.0,185.069,179.314
497,18-Apr-21,143,112.0,185.069,179.314
498,18-Apr-21,142,112.0,185.069,179.314
499,18-Apr-21,142,112.0,185.069,179.314
500,19-Apr-21,141,138.0,183.49,174.374
501,19-Apr-21,140,138.0,183.49,174.374
502,19-Apr-21,140,138.0,183.49,174.374
503,19-Apr-21,139,138.0,183.49,174.374
504,20-Apr-21,139,98.0,181.911,167.608
505,20-Apr-21,138,98.0,181.911,167.608
506,20-Apr-21,137,98.0,181.911,167.608
507,20-Apr-21,137,98.0,181.911,167.608
508,21-Apr-21,136,126.0,180.333,160.843
509,21-Apr-21,136,126.0,180.333,160.843
510,21-Apr-21,135,126.0,180.333,160.843
511,21-Apr-21,135,126.0,180.333,160.843
512,22-Apr-21,134,92.0,178.754,154.077
513,22-Apr-21,133,92.0,178.754,154.077
514,22-Apr-21,133,92.0,178.754,154.077
515,22-Apr-21,132,92.0,178.754,154.077
516,23-Apr-21,132,124.0,177.176,147.312
517,23-Apr-21,131,124.0,177.176,147.312
518,23-Apr-21,131,124.0,177.176,147.312
519,23-Apr-21,130,124.0,177.176,147.312
520,24-Apr-21,130,99.0,171.414,140.546
521,24-Apr-21,129,99.0,171.414,140.546
522,24-Apr-21,129,99.0,171.414,140.546
523,24-Apr-21,128,99.0,171.414,140.546
524,25-Apr-21,128,107.0,165.1,133.78
525,25-Apr-21,127,107.0,165.1,133.78
526,25-Apr-21,127,107.0,165.1,133.78
527,25-Apr-21,127,107.0,165.1,133.78
528,26-Apr-21,126,108.0,158.785,127.015
529,26-Apr-21,126,108.0,158.785,127.015
530,26-Apr-21,125,108.0,158.785,127.015
531,26-Apr-21,125,108.0,158.785,127.015
532,27-Apr-21,125,128.0,152.471,121.317
533,27-Apr-21,124,128.0,152.471,121.317
534,27-Apr-21,124,128.0,152.471,121.317
535,27-Apr-21,123,128.0,152.471,121.317
536,28-Apr-21,123,89.0,146.156,119.595
537,28-Apr-21,123,89.0,146.156,119.595
538,28-Apr-21,122,89.0,146.156,119.595
539,28-Apr-21,122,89.0,146.156,119.595
540,29-Apr-21,122,80.0,139.841,117.873
541,29-Apr-21,121,80.0,139.841,117.873
542,29-Apr-21,121,80.0,139.841,117.873
543,29-Apr-21,121,80.0,139.841,117.873
544,30-Apr-21,120,82.0,133.527,116.15
545,30-Apr-21,120,82.0,133.527,116.15
546,30-Apr-21,120,82.0,133.527,116.15
547,30-Apr-21,119,82.0,133.527,116.15
548,01-May-21,119,68.0,131.914,114.428
549,01-May-21,119,68.0,131.914,114.428
550,01-May-21,118,68.0,131.914,114.428
551,01-May-21,118,68.0,131.914,114.428
552,02-May-21,118,92.0,130.967,112.706
553,02-May-21,118,92.0,130.967,112.706
554,02-May-21,117,92.0,130.967,112.706
555,02-May-21,117,92.0,130.967,112.706
556,03-May-21,117,98.0,130.019,110.984
557,03-May-21,116,98.0,130.019,110.984
558,03-May-21,116,98.0,130.019,110.984
559,03-May-21,116,98.0,130.019,110.984
560,04-May-21,116,76.0,129.072,109.262
561,04-May-21,115,76.0,129.072,109.262
562,04-May-21,115,76.0,129.072,109.262
563,04-May-21,115,76.0,129.072,109.262
564,05-May-21,115,96.0,128.125,107.54
565,05-May-21,114,96.0,128.125,107.54
566,05-May-21,114,96.0,128.125,107.54
567,05-May-21,114,96.0,128.125,107.54
568,06-May-21,114,88.0,127.178,105.818
569,06-May-21,114,88.0,127.178,105.818
570,06-May-21,113,88.0,127.178,105.818
571,06-May-21,113,88.0,127.178,105.818
572,07-May-21,113,77.0,126.231,104.095
573,07-May-21,113,77.0,126.231,104.095
574,07-May-21,113,77.0,126.231,104.095
575,07-May-21,112,77.0,126.231,104.095
576,08-May-21,112,80.0,125.283,102.373
577,08-May-21,112,80.0,125.283,102.373
578,08-May-21,112,80.0,125.283,102.373
579,08-May-21,112,80.0,125.283,102.373
580,09-May-21,111,76.0,124.336,100.651
581,09-May-21,111,76.0,124.336,100.651
582,09-May-21,111,76.0,124.336,100.651
583,09-May-21,111,76.0,124.336,100.651
584,10-May-21,111,76.0,123.389,100.545
585,10-May-21,111,76.0,123.389,100.545
586,10-May-21,110,76.0,123.389,100.545
587,10-May-21,110,76.0,123.389,100.545
588,11-May-21,110,79.0,122.442,103.251
589,11-May-21,110,79.0,122.442,103.251
590,11-May-21,110,79.0,122.442,103.251
591,11-May-21,110,79.0,122.442,103.251
592,12-May-21,110,93.0,122.148,105.958
593,12-May-21,109,93.0,122.148,105.958
594,12-May-21,109,93.0,122.148,105.958
595,12-May-21,109,93.0,122.148,105.958
596,13-May-21,109,74.0,124.516,108.664
597,13-May-21,109,74.0,124.516,108.664
598,13-May-21,109,74.0,124.516,108.664
599,13-May-21,108,74.0,124.516,108.664
600,14-May-21,108,72.0,126.884,111.37
601,14-May-21,108,72.0,126.884,111.37
602,14-May-21,108,72.0,126.884,111.37
603,14-May-21,108,72.0,126.884,111.37
604,15-May-21,108,70.0,129.252,114.076
605,15-May-21,108,70.0,129.252,114.076
606,15-May-21,108,70.0,129.252,114.076
607,15-May-21,108,70.0,129.252,114.076
608,16-May-21,107,59.0,131.62,116.783
609,16-May-21,107,59.0,131.62,116.783
610,16-May-21,107,59.0,131.62,116.783
611,16-May-21,107,59.0,131.62,116.783
612,17-May-21,107,74.0,129.425,119.489
613,17-May-21,107,74.0,129.425,119.489
614,17-May-21,107,74.0,129.425,119.489
615,17-May-21,107,74.0,129.425,119.489
616,18-May-21,107,90.0,123.11,122.195
617,18-May-21,106,90.0,123.11,122.195
618,18-May-21,106,90.0,123.11,122.195
619,18-May-21,106,90.0,123.11,122.195
620,19-May-21,106,93.0,116.796,124.901
621,19-May-21,106,93.0,116.796,124.901
622,19-May-21,106,93.0,116.796,124.901
623,19-May-21,106,93.0,116.796,124.901
624,20-May-21,106,98.0,110.481,127.607
625,20-May-21,106,98.0,110.481,127.607
626,20-May-21,106,98.0,110.481,127.607
627,20-May-21,106,98.0,110.481,127.607
628,21-May-21,105,85.0,104.167,130.314
629,21-May-21,105,85.0,104.167,130.314
630,21-May-21,105,85.0,104.167,130.314
631,21-May-21,105,85.0,104.167,130.314
632,22-May-21,105,75.0,99.558,132.743
633,22-May-21,105,75.0,99.558,132.743
634,22-May-21,105,75.0,99.558,132.743
635,22-May-21,105,75.0,99.558,132.743
636,23-May-21,105,77.0,99.558,132.743
637,23-May-21,105,77.0,99.558,132.743
638,23-May-21,105,77.0,99.558,132.743
639,23-May-21,105,77.0,99.558,132.743
640,24-May-21,105,98.0,99.558,132.743
641,24-May-21,105,98.0,99.558,132.743
642,24-May-21,104,98.0,99.558,132.743
643,24-May-21,104,98.0,99.558,132.743
644,25-May-21,104,88.0,99.558,132.743
645,25-May-21,104,88.0,99.558,132.743
646,25-May-21,104,88.0,99.558,132.743
647,25-May-21,104,88.0,99.558,132.743
648,26-May-21,104,95.0,99.558,132.743
649,26-May-21,104,95.0,99.558,132.743
650,26-May-21,104,95.0,99.558,132.743
651,26-May-21,104,95.0,99.558,132.743
652,27-May-21,104,83.0,99.558,132.743
653,27-May-21,104,83.0,99.558,132.743
654,27-May-21,104,83.0,99.558,132.743
655,27-May-21,104,83.0,99.558,132.743
656,28-May-21,104,92.0,99.558,132.743
657,28-May-21,104,92.0,99.558,132.743
658,28-May-21,104,92.0,99.558,132.743
659,28-May-21,104,92.0,99.558,132.743
660,29-May-21,104,69.0,101.34,132.743
661,29-May-21,104,69.0,101.34,132.743
662,29-May-21,104,69.0,101.34,132.743
663,29-May-21,104,69.0,101.34,132.743
664,30-May-21,105,80.0,103.445,132.743
665,30-May-21,105,80.0,103.445,132.743
666,30-May-21,105,80.0,103.445,132.743
667,30-May-21,105,80.0,103.445,132.743
668,31-May-21,105,98.0,105.549,132.743
669,31-May-21,105,98.0,105.549,132.743
670,31-May-21,105,98.0,105.549,132.743
671,31-May-21,105,98.0,105.549,132.743
672,01-Jun-21,105,115.0,107.654,133.347
673,01-Jun-21,105,115.0,107.654,133.347
674,01-Jun-21,105,115.0,107.654,133.347
675,01-Jun-21,105,115.0,107.654,133.347
676,02-Jun-21,105,101.0,109.759,136.791
677,02-Jun-21,105,101.0,109.759,136.791
678,02-Jun-21,106,101.0,109.759,136.791
679,02-Jun-21,106,101.0,109.759,136.791
680,03-Jun-21,106,93.0,115.42,140.235
681,03-Jun-21,106,93.0,115.42,140.235
682,03-Jun-21,106,93.0,115.42,140.235
683,03-Jun-21,106,93.0,115.42,140.235
684,04-Jun-21,106,96.0,123.538,143.68
685,04-Jun-21,107,96.0,123.538,143.68
686,04-Jun-21,107,96.0,123.538,143.68
687,04-Jun-21,107,96.0,123.538,143.68
688,05-Jun-21,107,96.0,131.657,147.124
689,05-Jun-21,107,96.0,131.657,147.124
690,05-Jun-21,108,96.0,131.657,147.124
691,05-Jun-21,108,96.0,131.657,147.124
692,06-Jun-21,108,121.0,139.776,150.568
693,06-Jun-21,108,121.0,139.776,150.568
694,06-Jun-21,109,121.0,139.776,150.568
695,06-Jun-21,109,121.0,139.776,150.568
696,07-Jun-21,109,131.0,143.169,154.012
697,07-Jun-21,109,131.0,143.169,154.012
698,07-Jun-21,110,131.0,143.169,154.012
699,07-Jun-21,110,131.0,143.169,154.012
700,08-Jun-21,110,147.0,141.906,159.615
701,08-Jun-21,111,147.0,141.906,159.615
702,08-Jun-21,111,147.0,141.906,159.615
703,08-Jun-21,111,147.0,141.906,159.615
704,09-Jun-21,112,158.0,140.643,165.929
705,09-Jun-21,112,158.0,140.643,165.929
706,09-Jun-21,113,158.0,140.643,165.929
707,09-Jun-21,113,158.0,140.643,165.929
708,10-Jun-21,113,162.0,139.381,172.244
709,10-Jun-21,114,162.0,139.381,172.244
710,10-Jun-21,114,162.0,139.381,172.244
711,10-Jun-21,115,162.0,139.381,172.244
712,11-Jun-21,115,144.0,138.118,178.558
713,11-Jun-21,116,144.0,138.118,178.558
714,11-Jun-21,116,144.0,138.118,178.558
715,11-Jun-21,117,144.0,138.118,178.558
716,12-Jun-21,117,137.0,136.855,184.873
717,12-Jun-21,118,137.0,136.855,184.873
718,12-Jun-21,118,137.0,136.855,184.873
719,12-Jun-21,119,137.0,136.855,184.873
720,13-Jun-21,119,,135.592,191.187
721,13-Jun-21,120,,135.592,191.187
722,13-Jun-21,121,,135.592,191.187
723,13-Jun-21,121,,135.592,191.187
724,14-Jun-21,122,,134.329,197.502
725,14-Jun-21,122,,134.329,197.502
726,14-Jun-21,123,,134.329,197.502
727,14-Jun-21,124,,134.329,197.502
728,15-Jun-21,124,,133.066,203.816
729,15-Jun-21,125,,133.066,203.816
730,15-Jun-21,125,,133.066,203.816
731,15-Jun-21,126,,133.066,203.816
732,16-Jun-21,127,,139.795,210.131
733,16-Jun-21,127,,139.795,210.131
734,16-Jun-21,128,,139.795,210.131
735,16-Jun-21,129,,139.795,210.131
736,17-Jun-21,129,,149.267,228.982
737,17-Jun-21,130,,149.267,228.982
738,17-Jun-21,131,,149.267,228.982
739,17-Jun-21,131,,149.267,228.982
740,18-Jun-21,132,,158.739,247.926
741,18-Jun-21,133,,158.739,247.926
742,18-Jun-21,133,,158.739,247.926
743,18-Jun-21,134,,158.739,247.926
744,19-Jun-21,135,,168.211,266.869
745,19-Jun-21,136,,168.211,266.869
746,19-Jun-21,136,,168.211,266.869
747,19-Jun-21,137,,168.211,266.869
748,20-Jun-21,138,,177.683,285.813
749,20-Jun-21,138,,177.683,285.813
750,20-Jun-21,139,,177.683,285.813
751,20-Jun-21,140,,177.683,285.813
752,21-Jun-21,141,,187.154,304.757
753,21-Jun-21,142,,187.154,304.757
754,21-Jun-21,142,,187.154,304.757
755,21-Jun-21,143,,187.154,304.757
756,22-Jun-21,144,,222.345,323.7
757,22-Jun-21,145,,222.345,323.7
758,22-Jun-21,146,,222.345,323.7
759,22-Jun-21,146,,222.345,323.7
760,23-Jun-21,147,,260.232,342.644
761,23-Jun-21,148,,260.232,342.644
762,23-Jun-21,149,,260.232,342.644
763,23-Jun-21,150,,260.232,342.644
764,24-Jun-21,151,,298.119,359.721
765,24-Jun-21,152,,298.119,359.721
766,24-Jun-21,153,,298.119,359.721
767,24-Jun-21,153,,298.119,359.721
768,25-Jun-21,154,,330.303,376.77
769,25-Jun-21,155,,330.303,376.77
770,25-Jun-21,156,,330.303,376.77
771,25-Jun-21,157,,330.303,376.77
772,26-Jun-21,158,,353.982,393.819
773,26-Jun-21,159,,353.982,393.819
774,26-Jun-21,160,,353.982,393.819
775,26-Jun-21,161,,353.982,393.819
776,27-Jun-21,162,,377.662,410.868
777,27-Jun-21,163,,377.662,410.868
778,27-Jun-21,164,,377.662,410.868
779,27-Jun-21,165,,377.662,410.868
780,28-Jun-21,166,,401.341,427.918
781,28-Jun-21,167,,401.341,427.918
782,28-Jun-21,168,,401.341,427.918
783,28-Jun-21,169,,401.341,427.918
784,29-Jun-21,170,,425.021,448.009
785,29-Jun-21,171,,425.021,448.009
786,29-Jun-21,172,,425.021,448.009
787,29-Jun-21,173,,425.021,448.009
788,30-Jun-21,174,,449.392,485.896
789,30-Jun-21,175,,449.392,485.896
790,30-Jun-21,176,,449.392,485.896
791,30-Jun-21,177,,449.392,485.896
792,01-Jul-21,178,,474.018,523.783
793,01-Jul-21,179,,474.018,523.783
794,01-Jul-21,180,,474.018,523.783
795,01-Jul-21,182,,474.018,523.783
796,02-Jul-21,183,,498.645,561.67
797,02-Jul-21,184,,498.645,561.67
798,02-Jul-21,185,,498.645,561.67
799,02-Jul-21,186,,498.645,561.67
800,03-Jul-21,187,,523.272,599.558
801,03-Jul-21,188,,523.272,599.558
802,03-Jul-21,189,,523.272,599.558
803,03-Jul-21,191,,523.272,599.558
804,04-Jul-21,192,,547.898,637.445
805,04-Jul-21,193,,547.898,637.445
806,04-Jul-21,194,,547.898,637.445
807,04-Jul-21,195,,547.898,637.445
808,05-Jul-21,196,,572.525,675.332
809,05-Jul-21,198,,572.525,675.332
810,05-Jul-21,199,,572.525,675.332
811,05-Jul-21,200,,572.525,675.332
812,06-Jul-21,201,,625.83,713.219
813,06-Jul-21,202,,625.83,713.219
814,06-Jul-21,204,,625.83,713.219
815,06-Jul-21,205,,625.83,713.219
816,07-Jul-21,206,,682.66,748.479
817,07-Jul-21,207,,682.66,748.479
818,07-Jul-21,208,,682.66,748.479
819,07-Jul-21,210,,682.66,748.479
820,08-Jul-21,211,,736.864,781.63
821,08-Jul-21,212,,736.864,781.63
822,08-Jul-21,213,,736.864,781.63
823,08-Jul-21,215,,736.864,781.63
824,09-Jul-21,216,,788.959,814.782
825,09-Jul-21,217,,788.959,814.782
826,09-Jul-21,218,,788.959,814.782
827,09-Jul-21,220,,788.959,814.782
828,10-Jul-21,221,,851.079,847.933
829,10-Jul-21,222,,851.079,847.933
830,10-Jul-21,223,,851.079,847.933
831,10-Jul-21,225,,851.079,847.933
832,11-Jul-21,226,,948.954,881.084
833,11-Jul-21,227,,948.954,881.084
834,11-Jul-21,228,,948.954,881.084
835,11-Jul-21,230,,948.954,881.084
836,12-Jul-21,231,,1046.829,908.658
837,12-Jul-21,232,,1046.829,908.658
838,12-Jul-21,233,,1046.829,908.658
839,12-Jul-21,235,,1046.829,908.658
840,13-Jul-21,236,,1144.704,935.495
841,13-Jul-21,237,,1144.704,935.495
842,13-Jul-21,238,,1144.704,935.495
843,13-Jul-21,240,,1144.704,935.495
844,14-Jul-21,241,,1242.579,962.332
845,14-Jul-21,242,,1242.579,962.332
846,14-Jul-21,244,,1242.579,962.332
847,14-Jul-21,245,,1242.579,962.332
848,15-Jul-21,246,,1340.454,989.169
849,15-Jul-21,247,,1340.454,989.169
850,15-Jul-21,249,,1340.454,989.169
851,15-Jul-21,250,,1340.454,989.169
852,16-Jul-21,251,,1438.33,1016.005
853,16-Jul-21,252,,1438.33,1016.005
854,16-Jul-21,254,,1438.33,1016.005
855,16-Jul-21,255,,1438.33,1016.005
856,17-Jul-21,256,,1536.205,1042.842
857,17-Jul-21,257,,1536.205,1042.842
858,17-Jul-21,259,,1536.205,1042.842
859,17-Jul-21,260,,1536.205,1042.842
860,18-Jul-21,261,,1634.08,1069.679
861,18-Jul-21,262,,1634.08,1069.679
862,18-Jul-21,264,,1634.08,1069.679
863,18-Jul-21,265,,1634.08,1069.679
864,19-Jul-21,266,,1731.955,1096.515
865,19-Jul-21,267,,1731.955,1096.515
866,19-Jul-21,269,,1731.955,1096.515
867,19-Jul-21,270,,1731.955,1096.515
868,20-Jul-21,271,,1829.83,1123.352
869,20-Jul-21,272,,1829.83,1123.352
870,20-Jul-21,274,,1829.83,1123.352
871,20-Jul-21,275,,1829.83,1123.352
872,21-Jul-21,276,,1927.706,1150.189
873,21-Jul-21,277,,1927.706,1150.189
874,21-Jul-21,278,,1927.706,1150.189
875,21-Jul-21,280,,1927.706,1150.189
876,22-Jul-21,281,,2025.581,1177.026
877,22-Jul-21,282,,2025.581,1177.026
878,22-Jul-21,283,,2025.581,1177.026
879,22-Jul-21,284,,2025.581,1177.026
880,23-Jul-21,285,,2123.456,1203.862
881,23-Jul-21,287,,2123.456,1203.862
882,23-Jul-21,288,,2123.456,1203.862
883,23-Jul-21,289,,2123.456,1203.862
884,24-Jul-21,290,,2215.155,1230.699
885,24-Jul-21,291,,2215.155,1230.699
886,24-Jul-21,292,,2215.155,1230.699
887,24-Jul-21,293,,2215.155,1230.699
888,25-Jul-21,294,,2282.811,1257.536
889,25-Jul-21,299,,2282.811,1257.536
890,25-Jul-21,303,,2282.811,1257.536
891,25-Jul-21,307,,2282.811,1257.536
892,26-Jul-21,311,,2350.466,1259.796
893,26-Jul-21,316,,2350.466,1259.796
894,26-Jul-21,320,,2350.466,1259.796
895,26-Jul-21,325,,2350.466,1259.796
896,27-Jul-21,329,,2418.122,1258.339
897,27-Jul-21,334,,2418.122,1258.339
898,27-Jul-21,338,,2418.122,1258.339
899,27-Jul-21,343,,2418.122,1258.339
900,28-Jul-21,348,,2480.334,1256.882
901,28-Jul-21,352,,2480.334,1256.882
902,28-Jul-21,357,,2480.334,1256.882
903,28-Jul-21,362,,2480.334,1256.882
904,29-Jul-21,367,,2501.383,1255.425
905,29-Jul-21,372,,2501.383,1255.425
906,29-Jul-21,377,,2501.383,1255.425
907,29-Jul-21,382,,2501.383,1255.425
908,30-Jul-21,387,,2522.431,1253.967
909,30-Jul-21,392,,2522.431,1253.967
910,30-Jul-21,397,,2522.431,1253.967
911,30-Jul-21,402,,2522.431,1253.967
912,31-Jul-21,407,,2543.48,1252.51
913,31-Jul-21,412,,2543.48,1252.51
914,31-Jul-21,417,,2543.48,1252.51
915,31-Jul-21,422,,2543.48,1252.51
916,01-Aug-21,427,,2564.528,1251.053
917,01-Aug-21,433,,2564.528,1251.053
918,01-Aug-21,438,,2564.528,1251.053
919,01-Aug-21,443,,2564.528,1251.053
920,02-Aug-21,448,,2585.576,1249.249
921,02-Aug-21,454,,2585.576,1249.249
922,02-Aug-21,459,,2585.576,1249.249
923,02-Aug-21,464,,2585.576,1249.249
924,03-Aug-21,469,,2578.706,1246.543
925,03-Aug-21,474,,2578.706,1246.543
926,03-Aug-21,480,,2578.706,1246.543
927,03-Aug-21,485,,2578.706,1246.543
928,04-Aug-21,490,,2567.34,1243.837
929,04-Aug-21,495,,2567.34,1243.837
930,04-Aug-21,500,,2567.34,1243.837
931,04-Aug-21,505,,2567.34,1243.837
932,05-Aug-21,510,,2555.973,1241.131
933,05-Aug-21,516,,2555.973,1241.131
934,05-Aug-21,521,,2555.973,1241.131
935,05-Aug-21,526,,2555.973,1241.131
936,06-Aug-21,530,,2544.607,1239.657
937,06-Aug-21,535,,2544.607,1239.657
938,06-Aug-21,540,,2544.607,1239.657
939,06-Aug-21,545,,2544.607,1239.657
940,07-Aug-21,550,,2533.241,1243.446
941,07-Aug-21,554,,2533.241,1243.446
942,07-Aug-21,559,,2533.241,1243.446
943,07-Aug-21,564,,2533.241,1243.446
944,08-Aug-21,568,,2521.571,1247.235
945,08-Aug-21,572,,2521.571,1247.235
946,08-Aug-21,577,,2521.571,1247.235
947,08-Aug-21,581,,2521.571,1247.235
948,09-Aug-21,585,,2496.313,1251.023
949,09-Aug-21,589,,2496.313,1251.023
950,09-Aug-21,593,,2496.313,1251.023
951,09-Aug-21,597,,2496.313,1251.023
952,10-Aug-21,601,,2471.055,1254.812
953,10-Aug-21,605,,2471.055,1254.812
954,10-Aug-21,608,,2471.055,1254.812
955,10-Aug-21,612,,2471.055,1254.812
956,11-Aug-21,615,,2445.796,1258.601
957,11-Aug-21,618,,2445.796,1258.601
958,11-Aug-21,621,,2445.796,1258.601
959,11-Aug-21,625,,2445.796,1258.601
960,12-Aug-21,627,,2411.539,1262.269
961,12-Aug-21,630,,2411.539,1262.269
962,12-Aug-21,633,,2411.539,1262.269
963,12-Aug-21,635,,2411.539,1262.269
964,13-Aug-21,638,,2368.916,1265.713
965,13-Aug-21,640,,2368.916,1265.713
966,13-Aug-21,642,,2368.916,1265.713
967,13-Aug-21,644,,2368.916,1265.713
968,14-Aug-21,646,,2323.7,1269.157
969,14-Aug-21,648,,2323.7,1269.157
970,14-Aug-21,650,,2323.7,1269.157
971,14-Aug-21,651,,2323.7,1269.157
972,15-Aug-21,652,,2266.869,1272.602
973,15-Aug-21,654,,2266.869,1272.602
974,15-Aug-21,655,,2266.869,1272.602
975,15-Aug-21,656,,2266.869,1272.602
976,16-Aug-21,656,,2210.039,1276.046
977,16-Aug-21,657,,2210.039,1276.046
978,16-Aug-21,658,,2210.039,1276.046
979,16-Aug-21,658,,2210.039,1276.046
980,17-Aug-21,658,,2151.549,1279.49
981,17-Aug-21,658,,2151.549,1279.49
982,17-Aug-21,658,,2151.549,1279.49
983,17-Aug-21,658,,2151.549,1279.49
984,18-Aug-21,657,,2088.403,1282.934
985,18-Aug-21,657,,2088.403,1282.934
986,18-Aug-21,656,,2088.403,1282.934
987,18-Aug-21,655,,2088.403,1282.934
988,19-Aug-21,654,,2031.711,1274.405
989,19-Aug-21,653,,2031.711,1274.405
990,19-Aug-21,652,,2031.711,1274.405
991,19-Aug-21,651,,2031.711,1274.405
992,20-Aug-21,649,,1981.195,1264.934
993,20-Aug-21,648,,1981.195,1264.934
994,20-Aug-21,646,,1981.195,1264.934
995,20-Aug-21,644,,1981.195,1264.934
996,21-Aug-21,642,,1930.678,1255.462
997,21-Aug-21,640,,1930.678,1255.462
998,21-Aug-21,638,,1930.678,1255.462
999,21-Aug-21,635,,1930.678,1255.462
1000,22-Aug-21,633,,1879.701,1245.99
1001,22-Aug-21,630,,1879.701,1245.99
1002,22-Aug-21,627,,1879.701,1245.99
1003,22-Aug-21,624,,1879.701,1245.99
1004,23-Aug-21,621,,1766.04,1236.173
1005,23-Aug-21,618,,1766.04,1236.173
1006,23-Aug-21,615,,1766.04,1236.173
1007,23-Aug-21,612,,1766.04,1236.173
1008,24-Aug-21,609,,1702.733,1225.348
1009,24-Aug-21,605,,1702.733,1225.348
1010,24-Aug-21,602,,1702.733,1225.348
1011,24-Aug-21,598,,1702.733,1225.348
1012,25-Aug-21,594,,1649.06,1214.523
1013,25-Aug-21,590,,1649.06,1214.523
1014,25-Aug-21,586,,1649.06,1214.523
1015,25-Aug-21,582,,1649.06,1214.523
1016,26-Aug-21,578,,1595.386,1203.698
1017,26-Aug-21,574,,1595.386,1203.698
1018,26-Aug-21,570,,1595.386,1203.698
1019,26-Aug-21,566,,1595.386,1203.698
1020,27-Aug-21,561,,1519.451,1189.602
1021,27-Aug-21,557,,1519.451,1189.602
1022,27-Aug-21,553,,1519.451,1189.602
1023,27-Aug-21,548,,1519.451,1189.602
1024,28-Aug-21,544,,1399.475,1159.292
1025,28-Aug-21,539,,1399.475,1159.292
1026,28-Aug-21,535,,1399.475,1159.292
1027,28-Aug-21,530,,1399.475,1159.292
1028,29-Aug-21,526,,1294.248,1128.982
1029,29-Aug-21,521,,1294.248,1128.982
1030,29-Aug-21,516,,1294.248,1128.982
1031,29-Aug-21,511,,1294.248,1128.982
1032,30-Aug-21,507,,1199.53,1099.926
1033,30-Aug-21,502,,1199.53,1099.926
1034,30-Aug-21,497,,1199.53,1099.926
1035,30-Aug-21,492,,1199.53,1099.926
1036,31-Aug-21,487,,1136.338,1074.668
1037,31-Aug-21,482,,1136.338,1074.668
1038,31-Aug-21,477,,1136.338,1074.668
1039,31-Aug-21,472,,1136.338,1074.668
1040,01-Sep-21,468,,1079.508,1049.41
1041,01-Sep-21,463,,1079.508,1049.41
1042,01-Sep-21,458,,1079.508,1049.41
1043,01-Sep-21,453,,1079.508,1049.41
1044,02-Sep-21,448,,1022.677,1024.152
1045,02-Sep-21,443,,1022.677,1024.152
1046,02-Sep-21,438,,1022.677,1024.152
1047,02-Sep-21,433,,1022.677,1024.152
1048,03-Sep-21,428,,965.846,996.543
1049,03-Sep-21,423,,965.846,996.543
1050,03-Sep-21,418,,965.846,996.543
1051,03-Sep-21,413,,965.846,996.543
1052,04-Sep-21,408,,908.001,968.128
1053,04-Sep-21,403,,908.001,968.128
1054,04-Sep-21,398,,908.001,968.128
1055,04-Sep-21,393,,908.001,968.128
1056,05-Sep-21,388,,844.856,934.292
1057,05-Sep-21,383,,844.856,934.292
1058,05-Sep-21,379,,844.856,934.292
1059,05-Sep-21,374,,844.856,934.292
1060,06-Sep-21,369,,781.711,892.616
1061,06-Sep-21,364,,781.711,892.616
1062,06-Sep-21,359,,781.711,892.616
1063,06-Sep-21,355,,781.711,892.616
1064,07-Sep-21,350,,718.566,850.94
1065,07-Sep-21,345,,718.566,850.94
1066,07-Sep-21,341,,718.566,850.94
1067,07-Sep-21,336,,718.566,850.94
1068,08-Sep-21,332,,673.258,808.801
1069,08-Sep-21,327,,673.258,808.801
1070,08-Sep-21,323,,673.258,808.801
1071,08-Sep-21,318,,673.258,808.801
1072,09-Sep-21,314,,637.265,766.178
1073,09-Sep-21,309,,637.265,766.178
1074,09-Sep-21,305,,637.265,766.178
1075,09-Sep-21,301,,637.265,766.178
1076,10-Sep-21,296,,601.272,723.7
1077,10-Sep-21,292,,601.272,723.7
1078,10-Sep-21,288,,601.272,723.7
1079,10-Sep-21,284,,601.272,723.7
1080,11-Sep-21,280,,565.279,682.024
1081,11-Sep-21,276,,565.279,682.024
1082,11-Sep-21,272,,565.279,682.024
1083,11-Sep-21,268,,565.279,682.024
1084,12-Sep-21,264,,529.287,640.348
1085,12-Sep-21,260,,529.287,640.348
1086,12-Sep-21,256,,529.287,640.348
1087,12-Sep-21,252,,529.287,640.348
1088,13-Sep-21,249,,493.294,601.327
1089,13-Sep-21,245,,493.294,601.327
1090,13-Sep-21,241,,493.294,601.327
1091,13-Sep-21,238,,493.294,601.327
1092,14-Sep-21,234,,467.367,571.018
1093,14-Sep-21,231,,467.367,571.018
1094,14-Sep-21,227,,467.367,571.018
1095,14-Sep-21,224,,467.367,571.018
1096,15-Sep-21,220,,443.688,540.708
1097,15-Sep-21,217,,443.688,540.708
1098,15-Sep-21,214,,443.688,540.708
1099,15-Sep-21,210,,443.688,540.708
1100,16-Sep-21,207,,420.008,511.418
1101,16-Sep-21,204,,420.008,511.418
1102,16-Sep-21,201,,420.008,511.418
1103,16-Sep-21,198,,420.008,511.418
1104,17-Sep-21,195,,396.329,484.355
1105,17-Sep-21,192,,396.329,484.355
1106,17-Sep-21,189,,396.329,484.355
1107,17-Sep-21,186,,396.329,484.355
1108,18-Sep-21,183,,372.649,457.293
1109,18-Sep-21,180,,372.649,457.293
1110,18-Sep-21,178,,372.649,457.293
1111,18-Sep-21,175,,372.649,457.293
1112,19-Sep-21,172,,348.97,430.231
1113,19-Sep-21,170,,348.97,430.231
1114,19-Sep-21,167,,348.97,430.231
1115,19-Sep-21,165,,348.97,430.231
1116,20-Sep-21,162,,325.29,405.785
1117,20-Sep-21,160,,325.29,405.785
1118,20-Sep-21,158,,325.29,405.785
1119,20-Sep-21,156,,325.29,405.785
1120,21-Sep-21,154,,305.448,390.286
1121,21-Sep-21,152,,305.448,390.286
1122,21-Sep-21,150,,305.448,390.286
1123,21-Sep-21,148,,305.448,390.286
1124,22-Sep-21,146,,286.504,374.786
1125,22-Sep-21,144,,286.504,374.786
1126,22-Sep-21,143,,286.504,374.786
1127,22-Sep-21,141,,286.504,374.786
1128,23-Sep-21,139,,267.561,359.287
1129,23-Sep-21,138,,267.561,359.287
1130,23-Sep-21,136,,267.561,359.287
1131,23-Sep-21,134,,267.561,359.287
1132,24-Sep-21,133,,248.617,343.788
1133,24-Sep-21,131,,248.617,343.788
1134,24-Sep-21,130,,248.617,343.788
1135,24-Sep-21,128,,248.617,343.788
1136,25-Sep-21,127,,229.674,328.288
1137,25-Sep-21,125,,229.674,328.288
1138,25-Sep-21,124,,229.674,328.288
1139,25-Sep-21,122,,229.674,328.288
1140,26-Sep-21,121,,210.73,312.789
1141,26-Sep-21,121,,210.73,312.789
1142,26-Sep-21,120,,210.73,312.789
1143,26-Sep-21,119,,210.73,312.789
1144,27-Sep-21,119,,195.169,299.594
1145,27-Sep-21,118,,195.169,299.594
1146,27-Sep-21,117,,195.169,299.594
1147,27-Sep-21,117,,195.169,299.594
1148,28-Sep-21,116,,184.969,286.965
1149,28-Sep-21,115,,184.969,286.965
1150,28-Sep-21,115,,184.969,286.965
1151,28-Sep-21,114,,184.969,286.965
1152,29-Sep-21,114,,174.768,274.336
1153,29-Sep-21,113,,174.768,274.336
1154,29-Sep-21,112,,174.768,274.336
1155,29-Sep-21,112,,174.768,274.336
1156,30-Sep-21,111,,164.568,261.707
1157,30-Sep-21,111,,164.568,261.707
1158,30-Sep-21,110,,164.568,261.707
1159,30-Sep-21,110,,164.568,261.707
1160,01-Oct-21,109,,154.367,249.078
1161,01-Oct-21,109,,154.367,249.078
1162,01-Oct-21,108,,154.367,249.078
1163,01-Oct-21,108,,154.367,249.078
1164,02-Oct-21,107,,144.167,235.585
1165,02-Oct-21,107,,144.167,235.585
1166,02-Oct-21,106,,144.167,235.585
1167,02-Oct-21,106,,144.167,235.585
1168,03-Oct-21,106,,133.967,221.377
1169,03-Oct-21,105,,133.967,221.377
1170,03-Oct-21,105,,133.967,221.377
1171,03-Oct-21,105,,133.967,221.377
1172,04-Oct-21,104,,123.766,207.17
1173,04-Oct-21,104,,123.766,207.17
1174,04-Oct-21,104,,123.766,207.17
1175,04-Oct-21,103,,123.766,207.17
1176,05-Oct-21,103,,115.401,192.962
1177,05-Oct-21,103,,115.401,192.962
1178,05-Oct-21,102,,115.401,192.962
1179,05-Oct-21,102,,115.401,192.962
1180,06-Oct-21,102,,107.508,178.754
1181,06-Oct-21,101,,107.508,178.754
1182,06-Oct-21,101,,107.508,178.754
1183,06-Oct-21,101,,107.508,178.754
1184,07-Oct-21,100,,99.615,164.546
1185,07-Oct-21,100,,99.615,164.546
1186,07-Oct-21,100,,99.615,164.546
1187,07-Oct-21,99,,99.615,164.546
1188,08-Oct-21,99,,91.722,150.339
1189,08-Oct-21,99,,91.722,150.339
1190,08-Oct-21,99,,91.722,150.339
1191,08-Oct-21,98,,91.722,150.339
1192,09-Oct-21,98,,83.829,141.613
1193,09-Oct-21,98,,83.829,141.613
1194,09-Oct-21,98,,83.829,141.613
1195,09-Oct-21,97,,83.829,141.613
1196,10-Oct-21,97,,75.936,137.553
1197,10-Oct-21,97,,75.936,137.553
1198,10-Oct-21,97,,75.936,137.553
1199,10-Oct-21,96,,75.936,137.553
1200,11-Oct-21,96,,68.042,133.494
1201,11-Oct-21,96,,68.042,133.494
1202,11-Oct-21,96,,68.042,133.494
1203,11-Oct-21,95,,68.042,133.494
1204,12-Oct-21,95,,64.132,129.435
1205,12-Oct-21,95,,64.132,129.435
1206,12-Oct-21,95,,64.132,129.435
1207,12-Oct-21,95,,64.132,129.435
1208,13-Oct-21,94,,61.29,125.375
1209,13-Oct-21,94,,61.29,125.375
1210,13-Oct-21,94,,61.29,125.375
1211,13-Oct-21,94,,61.29,125.375
1212,14-Oct-21,94,,58.449,121.316
1213,14-Oct-21,93,,58.449,121.316
1214,14-Oct-21,93,,58.449,121.316
1215,14-Oct-21,93,,58.449,121.316
1216,15-Oct-21,93,,55.607,117.257
1217,15-Oct-21,93,,55.607,117.257
1218,15-Oct-21,92,,55.607,117.257
1219,15-Oct-21,92,,55.607,117.257
1220,16-Oct-21,92,,52.765,113.197
1221,16-Oct-21,92,,52.765,113.197
1222,16-Oct-21,92,,52.765,113.197
1223,16-Oct-21,92,,52.765,113.197
1224,17-Oct-21,91,,49.924,110.088
1225,17-Oct-21,91,,49.924,110.088
1226,17-Oct-21,91,,49.924,110.088
1227,17-Oct-21,91,,49.924,110.088
1228,18-Oct-21,91,,47.082,108.63
1229,18-Oct-21,91,,47.082,108.63
1230,18-Oct-21,91,,47.082,108.63
1231,18-Oct-21,90,,47.082,108.63
1232,19-Oct-21,90,,44.241,107.173
1233,19-Oct-21,90,,44.241,107.173
1234,19-Oct-21,90,,44.241,107.173
1235,19-Oct-21,90,,44.241,107.173
1236,20-Oct-21,90,,41.399,105.716
1237,20-Oct-21,90,,41.399,105.716
1238,20-Oct-21,89,,41.399,105.716
1239,20-Oct-21,89,,41.399,105.716
1240,21-Oct-21,89,,38.558,104.259
1241,21-Oct-21,89,,38.558,104.259
1242,21-Oct-21,89,,38.558,104.259
1243,21-Oct-21,89,,38.558,104.259
1244,22-Oct-21,89,,35.716,102.802
1245,22-Oct-21,89,,35.716,102.802
1246,22-Oct-21,89,,35.716,102.802
1247,22-Oct-21,88,,35.716,102.802
1248,23-Oct-21,88,,33.295,101.344
1249,23-Oct-21,88,,33.295,101.344
1250,23-Oct-21,88,,33.295,101.344
1251,23-Oct-21,88,,33.295,101.344
1252,24-Oct-21,88,,34.292,99.887
1253,24-Oct-21,88,,34.292,99.887
1254,24-Oct-21,88,,34.292,99.887
1255,24-Oct-21,88,,34.292,99.887
1256,25-Oct-21,87,,35.289,95.893
1257,25-Oct-21,87,,35.289,95.893
1258,25-Oct-21,87,,35.289,95.893
1259,25-Oct-21,87,,35.289,95.893
1260,26-Oct-21,87,,36.286,91.157
1261,26-Oct-21,87,,36.286,91.157
1262,26-Oct-21,87,,36.286,91.157
1263,26-Oct-21,87,,36.286,91.157
1264,27-Oct-21,87,,37.283,86.421
1265,27-Oct-21,87,,37.283,86.421
1266,27-Oct-21,87,,37.283,86.421
1267,27-Oct-21,87,,37.283,86.421
1268,28-Oct-21,86,,38.28,81.686
1269,28-Oct-21,86,,38.28,81.686
1270,28-Oct-21,86,,38.28,81.686
1271,28-Oct-21,86,,38.28,81.686
1272,29-Oct-21,86,,39.277,76.95
1273,29-Oct-21,86,,39.277,76.95
1274,29-Oct-21,86,,39.277,76.95
1275,29-Oct-21,86,,39.277,76.95
1276,30-Oct-21,86,,40.274,72.214
1277,30-Oct-21,86,,40.274,72.214
1278,30-Oct-21,86,,40.274,72.214
1279,30-Oct-21,86,,40.274,72.214
1280,31-Oct-21,86,,41.271,67.478
1281,31-Oct-21,86,,41.271,67.478
1282,31-Oct-21,85,,41.271,67.478
1283,31-Oct-21,85,,41.271,67.478
1284,01-Nov-21,85,,42.268,65.404
1285,01-Nov-21,85,,42.268,65.404
1286,01-Nov-21,85,,42.268,65.404
1287,01-Nov-21,85,,42.268,65.404
1288,02-Nov-21,85,,43.265,64.141
1289,02-Nov-21,85,,43.265,64.141
1290,02-Nov-21,85,,43.265,64.141
1291,02-Nov-21,85,,43.265,64.141
1292,03-Nov-21,85,,44.248,62.878
1293,03-Nov-21,85,,44.248,62.878
1294,03-Nov-21,85,,44.248,62.878
1295,03-Nov-21,85,,44.248,62.878
1296,04-Nov-21,85,,44.248,61.615
1297,04-Nov-21,85,,44.248,61.615
1298,04-Nov-21,85,,44.248,61.615
1299,04-Nov-21,85,,44.248,61.615
1300,05-Nov-21,85,,44.248,60.352
1301,05-Nov-21,84,,44.248,60.352
1302,05-Nov-21,84,,44.248,60.352
1303,05-Nov-21,84,,44.248,60.352
1304,06-Nov-21,84,,44.248,59.089
1305,06-Nov-21,84,,44.248,59.089
1306,06-Nov-21,84,,44.248,59.089
1307,06-Nov-21,84,,44.248,59.089
1308,07-Nov-21,84,,44.248,57.826
1309,07-Nov-21,84,,44.248,57.826
1310,07-Nov-21,84,,44.248,57.826
1311,07-Nov-21,84,,44.248,57.826
1312,08-Nov-21,84,,44.248,56.563
1313,08-Nov-21,84,,44.248,56.563
1314,08-Nov-21,84,,44.248,56.563
1315,08-Nov-21,84,,44.248,56.563
1316,09-Nov-21,84,,44.248,55.301
1317,09-Nov-21,84,,44.248,55.301
1318,09-Nov-21,84,,44.248,55.301
1319,09-Nov-21,84,,44.248,55.301
1320,10-Nov-21,84,,44.248,54.038
1321,10-Nov-21,84,,44.248,54.038
1322,10-Nov-21,84,,44.248,54.038
1323,10-Nov-21,84,,44.248,54.038
1324,11-Nov-21,84,,44.248,52.775
1325,11-Nov-21,84,,44.248,52.775
1326,11-Nov-21,84,,44.248,52.775
1327,11-Nov-21,84,,44.248,52.775
1328,12-Nov-21,84,,44.248,51.512
1329,12-Nov-21,84,,44.248,51.512
1330,12-Nov-21,83,,44.248,51.512
1331,12-Nov-21,83,,44.248,51.512
1332,13-Nov-21,83,,44.248,50.249
1333,13-Nov-21,83,,44.248,50.249
1334,13-Nov-21,83,,44.248,50.249
1335,13-Nov-21,83,,44.248,50.249
1336,14-Nov-21,83,,44.248,48.986
1337,14-Nov-21,83,,44.248,48.986
1338,14-Nov-21,83,,44.248,48.986
1339,14-Nov-21,83,,44.248,48.986
1340,15-Nov-21,83,,43.339,47.723
1341,15-Nov-21,83,,43.339,47.723
1342,15-Nov-21,83,,43.339,47.723
1343,15-Nov-21,83,,43.339,47.723
1344,16-Nov-21,83,,40.633,46.46
1345,16-Nov-21,83,,40.633,46.46
1346,16-Nov-21,83,,40.633,46.46
1347,16-Nov-21,83,,40.633,46.46
1348,17-Nov-21,83,,37.927,45.197
1349,17-Nov-21,83,,37.927,45.197
1350,17-Nov-21,83,,37.927,45.197
1351,17-Nov-21,83,,37.927,45.197
1352,18-Nov-21,83,,35.22,44.584
1353,18-Nov-21,83,,35.22,44.584
1354,18-Nov-21,83,,35.22,44.584
1355,18-Nov-21,83,,35.22,44.584
1356,19-Nov-21,83,,32.514,45.937
1357,19-Nov-21,83,,32.514,45.937
1358,19-Nov-21,83,,32.514,45.937
1359,19-Nov-21,83,,32.514,45.937
1360,20-Nov-21,83,,29.808,47.29
1361,20-Nov-21,83,,29.808,47.29
1362,20-Nov-21,83,,29.808,47.29
1363,20-Nov-21,83,,29.808,47.29
1364,21-Nov-21,83,,27.102,48.643
1365,21-Nov-21,83,,27.102,48.643
1366,21-Nov-21,83,,27.102,48.643
1367,21-Nov-21,83,,27.102,48.643
1368,22-Nov-21,83,,24.396,49.996
1369,22-Nov-21,83,,24.396,49.996
1370,22-Nov-21,83,,24.396,49.996
1371,22-Nov-21,83,,24.396,49.996
1372,23-Nov-21,83,,21.689,51.349
1373,23-Nov-21,83,,21.689,51.349
1374,23-Nov-21,83,,21.689,51.349
1375,23-Nov-21,83,,21.689,51.349
1376,24-Nov-21,83,,18.983,52.702
1377,24-Nov-21,83,,18.983,52.702
1378,24-Nov-21,83,,18.983,52.702
1379,24-Nov-21,83,,18.983,52.702
1380,25-Nov-21,83,,16.277,54.055
1381,25-Nov-21,83,,16.277,54.055
1382,25-Nov-21,83,,16.277,54.055
1383,25-Nov-21,83,,16.277,54.055
1384,26-Nov-21,83,,13.571,55.112
1385,26-Nov-21,83,,13.571,55.112
1386,26-Nov-21,83,,13.571,55.112
1387,26-Nov-21,83,,13.571,55.112
1388,27-Nov-21,83,,10.999,52.406
1389,27-Nov-21,83,,10.999,52.406
1390,27-Nov-21,82,,10.999,52.406
1391,27-Nov-21,82,,10.999,52.406
1392,28-Nov-21,82,,10.138,49.7
1393,28-Nov-21,82,,10.138,49.7
1394,28-Nov-21,82,,10.138,49.7
1395,28-Nov-21,82,,10.138,49.7
1396,29-Nov-21,82,,9.277,46.994
1397,29-Nov-21,82,,9.277,46.994
1398,29-Nov-21,82,,9.277,46.994
1399,29-Nov-21,82,,9.277,46.994
1400,30-Nov-21,82,,8.416,44.287
1401,30-Nov-21,82,,8.416,44.287
1402,30-Nov-21,82,,8.416,44.287
1403,30-Nov-21,82,,8.416,44.287
