,date,PCCF hospitalizations per day,PHE actual hospitalizations per day,21st June,28th June,5th July,12th July,19th July,23rd August,PCCF modelled hospitalisations
0,15-Dec-20,1831,1730.0,,,,,,,2022.0
1,15-Dec-20,1835,1730.0,,,,,,,2022.0
2,15-Dec-20,1838,1730.0,,,,,,,2022.0
3,15-Dec-20,1841,1730.0,,,,,,,2022.0
4,16-Dec-20,1845,1796.0,,,,,,,2031.0
5,16-Dec-20,1850,1796.0,,,,,,,2031.0
6,16-Dec-20,1856,1796.0,,,,,,,2031.0
7,16-Dec-20,1861,1796.0,,,,,,,2031.0
8,17-Dec-20,1866,1873.0,,,,,,,2053.0
9,17-Dec-20,1877,1873.0,,,,,,,2053.0
10,17-Dec-20,1888,1873.0,,,,,,,2053.0
11,17-Dec-20,1898,1873.0,,,,,,,2053.0
12,18-Dec-20,1909,1672.0,,,,,,,2093.0
13,18-Dec-20,1921,1672.0,,,,,,,2093.0
14,18-Dec-20,1933,1672.0,,,,,,,2093.0
15,18-Dec-20,1944,1672.0,,,,,,,2093.0
16,19-Dec-20,1956,1812.0,,,,,,,2137.0
17,19-Dec-20,1970,1812.0,,,,,,,2137.0
18,19-Dec-20,1983,1812.0,,,,,,,2137.0
19,19-Dec-20,1996,1812.0,,,,,,,2137.0
20,20-Dec-20,2009,1976.0,,,,,,,2185.0
21,20-Dec-20,2022,1976.0,,,,,,,2185.0
22,20-Dec-20,2035,1976.0,,,,,,,2185.0
23,20-Dec-20,2048,1976.0,,,,,,,2185.0
24,21-Dec-20,2061,2115.0,,,,,,,2234.0
25,21-Dec-20,2076,2115.0,,,,,,,2234.0
26,21-Dec-20,2091,2115.0,,,,,,,2234.0
27,21-Dec-20,2106,2115.0,,,,,,,2234.0
28,22-Dec-20,2121,2203.0,,,,,,,2288.0
29,22-Dec-20,2135,2203.0,,,,,,,2288.0
30,22-Dec-20,2150,2203.0,,,,,,,2288.0
31,22-Dec-20,2164,2203.0,,,,,,,2288.0
32,23-Dec-20,2179,1980.0,,,,,,,2341.0
33,23-Dec-20,2194,1980.0,,,,,,,2341.0
34,23-Dec-20,2209,1980.0,,,,,,,2341.0
35,23-Dec-20,2225,1980.0,,,,,,,2341.0
36,24-Dec-20,2240,1795.0,,,,,,,2393.0
37,24-Dec-20,2252,1795.0,,,,,,,2393.0
38,24-Dec-20,2264,1795.0,,,,,,,2393.0
39,24-Dec-20,2276,1795.0,,,,,,,2393.0
40,25-Dec-20,2288,1952.0,,,,,,,2435.0
41,25-Dec-20,2301,1952.0,,,,,,,2435.0
42,25-Dec-20,2314,1952.0,,,,,,,2435.0
43,25-Dec-20,2326,1952.0,,,,,,,2435.0
44,26-Dec-20,2339,2298.0,,,,,,,2481.0
45,26-Dec-20,2353,2298.0,,,,,,,2481.0
46,26-Dec-20,2368,2298.0,,,,,,,2481.0
47,26-Dec-20,2382,2298.0,,,,,,,2481.0
48,27-Dec-20,2397,2572.0,,,,,,,2539.0
49,27-Dec-20,2418,2572.0,,,,,,,2539.0
50,27-Dec-20,2440,2572.0,,,,,,,2539.0
51,27-Dec-20,2462,2572.0,,,,,,,2539.0
52,28-Dec-20,2484,2795.0,,,,,,,2616.0
53,28-Dec-20,2503,2795.0,,,,,,,2616.0
54,28-Dec-20,2521,2795.0,,,,,,,2616.0
55,28-Dec-20,2541,2795.0,,,,,,,2616.0
56,29-Dec-20,2560,2886.0,,,,,,,2686.0
57,29-Dec-20,2581,2886.0,,,,,,,2686.0
58,29-Dec-20,2602,2886.0,,,,,,,2686.0
59,29-Dec-20,2623,2886.0,,,,,,,2686.0
60,30-Dec-20,2644,2861.0,,,,,,,2769.0
61,30-Dec-20,2672,2861.0,,,,,,,2769.0
62,30-Dec-20,2700,2861.0,,,,,,,2769.0
63,30-Dec-20,2728,2861.0,,,,,,,2769.0
64,31-Dec-20,2756,2536.0,,,,,,,2875.0
65,31-Dec-20,2787,2536.0,,,,,,,2875.0
66,31-Dec-20,2818,2536.0,,,,,,,2875.0
67,31-Dec-20,2849,2536.0,,,,,,,2875.0
68,01-Jan-21,2881,3010.0,,,,,,,2991.0
69,01-Jan-21,2913,3010.0,,,,,,,2991.0
70,01-Jan-21,2945,3010.0,,,,,,,2991.0
71,01-Jan-21,2977,3010.0,,,,,,,2991.0
72,02-Jan-21,3010,3145.0,,,,,,,2154.0
73,02-Jan-21,3043,3145.0,,,,,,,2154.0
74,02-Jan-21,3077,3145.0,,,,,,,2154.0
75,02-Jan-21,3111,3145.0,,,,,,,2154.0
76,03-Jan-21,3145,3351.0,,,,,,,636.0
77,03-Jan-21,3176,3351.0,,,,,,,636.0
78,03-Jan-21,3207,3351.0,,,,,,,636.0
79,03-Jan-21,3238,3351.0,,,,,,,636.0
80,04-Jan-21,3270,3587.0,,,,,,,193.0
81,04-Jan-21,3304,3587.0,,,,,,,193.0
82,04-Jan-21,3338,3587.0,,,,,,,193.0
83,04-Jan-21,3372,3587.0,,,,,,,193.0
84,05-Jan-21,3407,3697.0,,,,,,,117.0
85,05-Jan-21,3440,3697.0,,,,,,,117.0
86,05-Jan-21,3473,3697.0,,,,,,,117.0
87,05-Jan-21,3506,3697.0,,,,,,,117.0
88,06-Jan-21,3540,3967.0,,,,,,,104.0
89,06-Jan-21,3565,3967.0,,,,,,,104.0
90,06-Jan-21,3590,3967.0,,,,,,,104.0
91,06-Jan-21,3616,3967.0,,,,,,,104.0
92,07-Jan-21,3641,3849.0,,,,,,,180.0
93,07-Jan-21,3663,3849.0,,,,,,,180.0
94,07-Jan-21,3685,3849.0,,,,,,,180.0
95,07-Jan-21,3707,3849.0,,,,,,,180.0
96,08-Jan-21,3729,3549.0,,,,,,,576.0
97,08-Jan-21,3746,3549.0,,,,,,,576.0
98,08-Jan-21,3763,3549.0,,,,,,,576.0
99,08-Jan-21,3781,3549.0,,,,,,,576.0
100,09-Jan-21,3798,3718.0,,,,,,,724.0
101,09-Jan-21,3810,3718.0,,,,,,,724.0
102,09-Jan-21,3821,3718.0,,,,,,,724.0
103,09-Jan-21,3832,3718.0,,,,,,,724.0
104,10-Jan-21,3844,3571.0,,,,,,,163.0
105,10-Jan-21,3851,3571.0,,,,,,,163.0
106,10-Jan-21,3858,3571.0,,,,,,,163.0
107,10-Jan-21,3864,3571.0,,,,,,,163.0
108,11-Jan-21,3871,3894.0,,,,,,,87.0
109,11-Jan-21,3878,3894.0,,,,,,,87.0
110,11-Jan-21,3884,3894.0,,,,,,,87.0
111,11-Jan-21,3890,3894.0,,,,,,,87.0
112,12-Jan-21,3896,4134.0,,,,,,,
113,12-Jan-21,3897,4134.0,,,,,,,
114,12-Jan-21,3898,4134.0,,,,,,,
115,12-Jan-21,3899,4134.0,,,,,,,
116,13-Jan-21,3900,3840.0,,,,,,,3829.0
117,13-Jan-21,3895,3840.0,,,,,,,3829.0
118,13-Jan-21,3890,3840.0,,,,,,,3829.0
119,13-Jan-21,3885,3840.0,,,,,,,3829.0
120,14-Jan-21,3880,3678.0,,,,,,,3797.0
121,14-Jan-21,3872,3678.0,,,,,,,3797.0
122,14-Jan-21,3863,3678.0,,,,,,,3797.0
123,14-Jan-21,3853,3678.0,,,,,,,3797.0
124,15-Jan-21,3844,3295.0,,,,,,,3751.0
125,15-Jan-21,3833,3295.0,,,,,,,3751.0
126,15-Jan-21,3823,3295.0,,,,,,,3751.0
127,15-Jan-21,3812,3295.0,,,,,,,3751.0
128,16-Jan-21,3800,3569.0,,,,,,,3700.0
129,16-Jan-21,3789,3569.0,,,,,,,3700.0
130,16-Jan-21,3777,3569.0,,,,,,,3700.0
131,16-Jan-21,3765,3569.0,,,,,,,3700.0
132,17-Jan-21,3753,3424.0,,,,,,,3644.0
133,17-Jan-21,3739,3424.0,,,,,,,3644.0
134,17-Jan-21,3724,3424.0,,,,,,,3644.0
135,17-Jan-21,3710,3424.0,,,,,,,3644.0
136,18-Jan-21,3695,3711.0,,,,,,,3578.0
137,18-Jan-21,3679,3711.0,,,,,,,3578.0
138,18-Jan-21,3662,3711.0,,,,,,,3578.0
139,18-Jan-21,3645,3711.0,,,,,,,3578.0
140,19-Jan-21,3628,3768.0,,,,,,,3505.0
141,19-Jan-21,3610,3768.0,,,,,,,3505.0
142,19-Jan-21,3591,3768.0,,,,,,,3505.0
143,19-Jan-21,3573,3768.0,,,,,,,3505.0
144,20-Jan-21,3554,3679.0,,,,,,,3425.0
145,20-Jan-21,3534,3679.0,,,,,,,3425.0
146,20-Jan-21,3513,3679.0,,,,,,,3425.0
147,20-Jan-21,3492,3679.0,,,,,,,3425.0
148,21-Jan-21,3471,3237.0,,,,,,,3338.0
149,21-Jan-21,3449,3237.0,,,,,,,3338.0
150,21-Jan-21,3427,3237.0,,,,,,,3338.0
151,21-Jan-21,3405,3237.0,,,,,,,3338.0
152,22-Jan-21,3382,3016.0,,,,,,,3245.0
153,22-Jan-21,3358,3016.0,,,,,,,3245.0
154,22-Jan-21,3335,3016.0,,,,,,,3245.0
155,22-Jan-21,3311,3016.0,,,,,,,3245.0
156,23-Jan-21,3286,2780.0,,,,,,,3146.0
157,23-Jan-21,3260,2780.0,,,,,,,3146.0
158,23-Jan-21,3234,2780.0,,,,,,,3146.0
159,23-Jan-21,3208,2780.0,,,,,,,3146.0
160,24-Jan-21,3182,2824.0,,,,,,,3040.0
161,24-Jan-21,3155,2824.0,,,,,,,3040.0
162,24-Jan-21,3129,2824.0,,,,,,,3040.0
163,24-Jan-21,3103,2824.0,,,,,,,3040.0
164,25-Jan-21,3076,2648.0,,,,,,,2935.0
165,25-Jan-21,3050,2648.0,,,,,,,2935.0
166,25-Jan-21,3023,2648.0,,,,,,,2935.0
167,25-Jan-21,2996,2648.0,,,,,,,2935.0
168,26-Jan-21,2970,2799.0,,,,,,,2828.0
169,26-Jan-21,2942,2799.0,,,,,,,2828.0
170,26-Jan-21,2914,2799.0,,,,,,,2828.0
171,26-Jan-21,2887,2799.0,,,,,,,2828.0
172,27-Jan-21,2859,2742.0,,,,,,,2718.0
173,27-Jan-21,2830,2742.0,,,,,,,2718.0
174,27-Jan-21,2802,2742.0,,,,,,,2718.0
175,27-Jan-21,2773,2742.0,,,,,,,2718.0
176,28-Jan-21,2745,2719.0,,,,,,,2605.0
177,28-Jan-21,2715,2719.0,,,,,,,2605.0
178,28-Jan-21,2686,2719.0,,,,,,,2605.0
179,28-Jan-21,2656,2719.0,,,,,,,2605.0
180,29-Jan-21,2627,2379.0,,,,,,,2490.0
181,29-Jan-21,2598,2379.0,,,,,,,2490.0
182,29-Jan-21,2568,2379.0,,,,,,,2490.0
183,29-Jan-21,2539,2379.0,,,,,,,2490.0
184,30-Jan-21,2510,2193.0,,,,,,,2376.0
185,30-Jan-21,2481,2193.0,,,,,,,2376.0
186,30-Jan-21,2452,2193.0,,,,,,,2376.0
187,30-Jan-21,2423,2193.0,,,,,,,2376.0
188,31-Jan-21,2394,2183.0,,,,,,,2264.0
189,31-Jan-21,2365,2183.0,,,,,,,2264.0
190,31-Jan-21,2337,2183.0,,,,,,,2264.0
191,31-Jan-21,2309,2183.0,,,,,,,2264.0
192,01-Feb-21,2281,2347.0,,,,,,,3110.0
193,01-Feb-21,2252,2347.0,,,,,,,3110.0
194,01-Feb-21,2222,2347.0,,,,,,,3110.0
195,01-Feb-21,2194,2347.0,,,,,,,3110.0
196,02-Feb-21,2165,2222.0,,,,,,,2043.0
197,02-Feb-21,2136,2222.0,,,,,,,2043.0
198,02-Feb-21,2108,2222.0,,,,,,,2043.0
199,02-Feb-21,2080,2222.0,,,,,,,2043.0
200,03-Feb-21,2052,2096.0,,,,,,,603.0
201,03-Feb-21,2025,2096.0,,,,,,,603.0
202,03-Feb-21,1998,2096.0,,,,,,,603.0
203,03-Feb-21,1972,2096.0,,,,,,,603.0
204,04-Feb-21,1946,1907.0,,,,,,,190.0
205,04-Feb-21,1919,1907.0,,,,,,,190.0
206,04-Feb-21,1894,1907.0,,,,,,,190.0
207,04-Feb-21,1868,1907.0,,,,,,,190.0
208,05-Feb-21,1843,1757.0,,,,,,,116.0
209,05-Feb-21,1818,1757.0,,,,,,,116.0
210,05-Feb-21,1794,1757.0,,,,,,,116.0
211,05-Feb-21,1769,1757.0,,,,,,,116.0
212,06-Feb-21,1745,1679.0,,,,,,,105.0
213,06-Feb-21,1721,1679.0,,,,,,,105.0
214,06-Feb-21,1697,1679.0,,,,,,,105.0
215,06-Feb-21,1674,1679.0,,,,,,,105.0
216,07-Feb-21,1650,1675.0,,,,,,,185.0
217,07-Feb-21,1627,1675.0,,,,,,,185.0
218,07-Feb-21,1604,1675.0,,,,,,,185.0
219,07-Feb-21,1582,1675.0,,,,,,,185.0
220,08-Feb-21,1560,1739.0,,,,,,,606.0
221,08-Feb-21,1538,1739.0,,,,,,,606.0
222,08-Feb-21,1517,1739.0,,,,,,,606.0
223,08-Feb-21,1495,1739.0,,,,,,,606.0
224,09-Feb-21,1474,1531.0,,,,,,,698.0
225,09-Feb-21,1454,1531.0,,,,,,,698.0
226,09-Feb-21,1433,1531.0,,,,,,,698.0
227,09-Feb-21,1413,1531.0,,,,,,,698.0
228,10-Feb-21,1394,1535.0,,,,,,,155.0
229,10-Feb-21,1374,1535.0,,,,,,,155.0
230,10-Feb-21,1355,1535.0,,,,,,,155.0
231,10-Feb-21,1336,1535.0,,,,,,,155.0
232,11-Feb-21,1318,1440.0,,,,,,,87.0
233,11-Feb-21,1299,1440.0,,,,,,,87.0
234,11-Feb-21,1281,1440.0,,,,,,,87.0
235,11-Feb-21,1263,1440.0,,,,,,,87.0
236,12-Feb-21,1245,1318.0,,,,,,,
237,12-Feb-21,1228,1318.0,,,,,,,
238,12-Feb-21,1211,1318.0,,,,,,,
239,12-Feb-21,1194,1318.0,,,,,,,
240,13-Feb-21,1177,1240.0,,,,,,,1107.0
241,13-Feb-21,1160,1240.0,,,,,,,1107.0
242,13-Feb-21,1144,1240.0,,,,,,,1107.0
243,13-Feb-21,1128,1240.0,,,,,,,1107.0
244,14-Feb-21,1113,1364.0,,,,,,,1047.0
245,14-Feb-21,1098,1364.0,,,,,,,1047.0
246,14-Feb-21,1083,1364.0,,,,,,,1047.0
247,14-Feb-21,1068,1364.0,,,,,,,1047.0
248,15-Feb-21,1053,1322.0,,,,,,,992.0
249,15-Feb-21,1040,1322.0,,,,,,,992.0
250,15-Feb-21,1026,1322.0,,,,,,,992.0
251,15-Feb-21,1012,1322.0,,,,,,,992.0
252,16-Feb-21,1326,1311.0,,,,,,,1243.0
253,16-Feb-21,1307,1311.0,,,,,,,1243.0
254,16-Feb-21,1288,1311.0,,,,,,,1243.0
255,16-Feb-21,1270,1311.0,,,,,,,1243.0
256,17-Feb-21,1251,1233.0,,,,,,,1173.0
257,17-Feb-21,1234,1233.0,,,,,,,1173.0
258,17-Feb-21,1217,1233.0,,,,,,,1173.0
259,17-Feb-21,1200,1233.0,,,,,,,1173.0
260,18-Feb-21,1183,1149.0,,,,,,,1109.0
261,18-Feb-21,1166,1149.0,,,,,,,1109.0
262,18-Feb-21,1150,1149.0,,,,,,,1109.0
263,18-Feb-21,1135,1149.0,,,,,,,1109.0
264,19-Feb-21,1119,1068.0,,,,,,,1050.0
265,19-Feb-21,1104,1068.0,,,,,,,1050.0
266,19-Feb-21,1090,1068.0,,,,,,,1050.0
267,19-Feb-21,1075,1068.0,,,,,,,1050.0
268,20-Feb-21,1061,904.0,,,,,,,996.0
269,20-Feb-21,1047,904.0,,,,,,,996.0
270,20-Feb-21,1034,904.0,,,,,,,996.0
271,20-Feb-21,1021,904.0,,,,,,,996.0
272,21-Feb-21,1008,1009.0,,,,,,,946.0
273,21-Feb-21,996,1009.0,,,,,,,946.0
274,21-Feb-21,984,1009.0,,,,,,,946.0
275,21-Feb-21,972,1009.0,,,,,,,946.0
276,22-Feb-21,960,980.0,,,,,,,901.0
277,22-Feb-21,949,980.0,,,,,,,901.0
278,22-Feb-21,937,980.0,,,,,,,901.0
279,22-Feb-21,926,980.0,,,,,,,901.0
280,23-Feb-21,915,976.0,,,,,,,859.0
281,23-Feb-21,904,976.0,,,,,,,859.0
282,23-Feb-21,893,976.0,,,,,,,859.0
283,23-Feb-21,883,976.0,,,,,,,859.0
284,24-Feb-21,872,874.0,,,,,,,819.0
285,24-Feb-21,861,874.0,,,,,,,819.0
286,24-Feb-21,851,874.0,,,,,,,819.0
287,24-Feb-21,840,874.0,,,,,,,819.0
288,25-Feb-21,830,832.0,,,,,,,779.0
289,25-Feb-21,820,832.0,,,,,,,779.0
290,25-Feb-21,810,832.0,,,,,,,779.0
291,25-Feb-21,800,832.0,,,,,,,779.0
292,26-Feb-21,790,718.0,,,,,,,741.0
293,26-Feb-21,780,718.0,,,,,,,741.0
294,26-Feb-21,770,718.0,,,,,,,741.0
295,26-Feb-21,761,718.0,,,,,,,741.0
296,27-Feb-21,751,624.0,,,,,,,705.0
297,27-Feb-21,742,624.0,,,,,,,705.0
298,27-Feb-21,732,624.0,,,,,,,705.0
299,27-Feb-21,723,624.0,,,,,,,705.0
300,28-Feb-21,714,662.0,,,,,,,670.0
301,28-Feb-21,705,662.0,,,,,,,670.0
302,28-Feb-21,695,662.0,,,,,,,670.0
303,28-Feb-21,686,662.0,,,,,,,670.0
304,01-Mar-21,678,704.0,,,,,,,3232.0
305,01-Mar-21,669,704.0,,,,,,,3232.0
306,01-Mar-21,660,704.0,,,,,,,3232.0
307,01-Mar-21,651,704.0,,,,,,,3232.0
308,02-Mar-21,643,683.0,,,,,,,1936.0
309,02-Mar-21,634,683.0,,,,,,,1936.0
310,02-Mar-21,626,683.0,,,,,,,1936.0
311,02-Mar-21,618,683.0,,,,,,,1936.0
312,03-Mar-21,610,607.0,,,,,,,572.0
313,03-Mar-21,602,607.0,,,,,,,572.0
314,03-Mar-21,594,607.0,,,,,,,572.0
315,03-Mar-21,586,607.0,,,,,,,572.0
316,04-Mar-21,579,596.0,,,,,,,188.0
317,04-Mar-21,571,596.0,,,,,,,188.0
318,04-Mar-21,563,596.0,,,,,,,188.0
319,04-Mar-21,556,596.0,,,,,,,188.0
320,05-Mar-21,549,487.0,,,,,,,115.0
321,05-Mar-21,541,487.0,,,,,,,115.0
322,05-Mar-21,534,487.0,,,,,,,115.0
323,05-Mar-21,527,487.0,,,,,,,115.0
324,06-Mar-21,520,528.0,,,,,,,105.0
325,06-Mar-21,513,528.0,,,,,,,105.0
326,06-Mar-21,506,528.0,,,,,,,105.0
327,06-Mar-21,500,528.0,,,,,,,105.0
328,07-Mar-21,493,461.0,,,,,,,190.0
329,07-Mar-21,486,461.0,,,,,,,190.0
330,07-Mar-21,480,461.0,,,,,,,190.0
331,07-Mar-21,473,461.0,,,,,,,190.0
332,08-Mar-21,467,501.0,,,,,,,636.0
333,08-Mar-21,460,501.0,,,,,,,636.0
334,08-Mar-21,454,501.0,,,,,,,636.0
335,08-Mar-21,448,501.0,,,,,,,636.0
336,09-Mar-21,442,483.0,,,,,,,671.0
337,09-Mar-21,436,483.0,,,,,,,671.0
338,09-Mar-21,430,483.0,,,,,,,671.0
339,09-Mar-21,424,483.0,,,,,,,671.0
340,10-Mar-21,418,494.0,,,,,,,148.0
341,10-Mar-21,412,494.0,,,,,,,148.0
342,10-Mar-21,407,494.0,,,,,,,148.0
343,10-Mar-21,401,494.0,,,,,,,148.0
344,11-Mar-21,396,449.0,,,,,,,86.0
345,11-Mar-21,391,449.0,,,,,,,86.0
346,11-Mar-21,385,449.0,,,,,,,86.0
347,11-Mar-21,380,449.0,,,,,,,86.0
348,12-Mar-21,375,386.0,,,,,,,
349,12-Mar-21,371,386.0,,,,,,,
350,12-Mar-21,366,386.0,,,,,,,
351,12-Mar-21,362,386.0,,,,,,,
352,13-Mar-21,357,385.0,,,,,,,337.0
353,13-Mar-21,353,385.0,,,,,,,337.0
354,13-Mar-21,349,385.0,,,,,,,337.0
355,13-Mar-21,344,385.0,,,,,,,337.0
356,14-Mar-21,340,357.0,,,,,,,322.0
357,14-Mar-21,336,357.0,,,,,,,322.0
358,14-Mar-21,333,357.0,,,,,,,322.0
359,14-Mar-21,329,357.0,,,,,,,322.0
360,15-Mar-21,325,431.0,,,,,,,308.0
361,15-Mar-21,322,431.0,,,,,,,308.0
362,15-Mar-21,318,431.0,,,,,,,308.0
363,15-Mar-21,315,431.0,,,,,,,308.0
364,16-Mar-21,312,364.0,,,,,,,296.0
365,16-Mar-21,309,364.0,,,,,,,296.0
366,16-Mar-21,306,364.0,,,,,,,296.0
367,16-Mar-21,303,364.0,,,,,,,296.0
368,17-Mar-21,300,343.0,,,,,,,285.0
369,17-Mar-21,297,343.0,,,,,,,285.0
370,17-Mar-21,294,343.0,,,,,,,285.0
371,17-Mar-21,292,343.0,,,,,,,285.0
372,18-Mar-21,289,351.0,,,,,,,275.0
373,18-Mar-21,286,351.0,,,,,,,275.0
374,18-Mar-21,284,351.0,,,,,,,275.0
375,18-Mar-21,281,351.0,,,,,,,275.0
376,19-Mar-21,279,283.0,,,,,,,266.0
377,19-Mar-21,277,283.0,,,,,,,266.0
378,19-Mar-21,274,283.0,,,,,,,266.0
379,19-Mar-21,272,283.0,,,,,,,266.0
380,20-Mar-21,270,287.0,,,,,,,257.0
381,20-Mar-21,267,287.0,,,,,,,257.0
382,20-Mar-21,265,287.0,,,,,,,257.0
383,20-Mar-21,263,287.0,,,,,,,257.0
384,21-Mar-21,261,279.0,,,,,,,249.0
385,21-Mar-21,259,279.0,,,,,,,249.0
386,21-Mar-21,257,279.0,,,,,,,249.0
387,21-Mar-21,255,279.0,,,,,,,249.0
388,22-Mar-21,252,294.0,,,,,,,241.0
389,22-Mar-21,250,294.0,,,,,,,241.0
390,22-Mar-21,248,294.0,,,,,,,241.0
391,22-Mar-21,246,294.0,,,,,,,241.0
392,23-Mar-21,244,295.0,,,,,,,234.0
393,23-Mar-21,243,295.0,,,,,,,234.0
394,23-Mar-21,241,295.0,,,,,,,234.0
395,23-Mar-21,239,295.0,,,,,,,234.0
396,24-Mar-21,237,277.0,,,,,,,227.0
397,24-Mar-21,236,277.0,,,,,,,227.0
398,24-Mar-21,234,277.0,,,,,,,227.0
399,24-Mar-21,233,277.0,,,,,,,227.0
400,25-Mar-21,231,288.0,,,,,,,221.0
401,25-Mar-21,230,288.0,,,,,,,221.0
402,25-Mar-21,228,288.0,,,,,,,221.0
403,25-Mar-21,227,288.0,,,,,,,221.0
404,26-Mar-21,225,245.0,,,,,,,216.0
405,26-Mar-21,224,245.0,,,,,,,216.0
406,26-Mar-21,223,245.0,,,,,,,216.0
407,26-Mar-21,221,245.0,,,,,,,216.0
408,27-Mar-21,220,217.0,,,,,,,211.0
409,27-Mar-21,219,217.0,,,,,,,211.0
410,27-Mar-21,217,217.0,,,,,,,211.0
411,27-Mar-21,216,217.0,,,,,,,211.0
412,28-Mar-21,215,221.0,,,,,,,206.0
413,28-Mar-21,214,221.0,,,,,,,206.0
414,28-Mar-21,213,221.0,,,,,,,206.0
415,28-Mar-21,211,221.0,,,,,,,206.0
416,29-Mar-21,210,206.0,,,,,,,202.0
417,29-Mar-21,209,206.0,,,,,,,202.0
418,29-Mar-21,208,206.0,,,,,,,202.0
419,29-Mar-21,207,206.0,,,,,,,202.0
420,30-Mar-21,206,217.0,,,,,,,198.0
421,30-Mar-21,205,217.0,,,,,,,198.0
422,30-Mar-21,204,217.0,,,,,,,198.0
423,30-Mar-21,203,217.0,,,,,,,198.0
424,31-Mar-21,202,225.0,,,,,,,195.0
425,31-Mar-21,202,225.0,,,,,,,195.0
426,31-Mar-21,201,225.0,,,,,,,195.0
427,31-Mar-21,201,225.0,,,,,,,195.0
428,01-Apr-21,200,180.0,,,,,,,3347.0
429,01-Apr-21,199,180.0,,,,,,,3347.0
430,01-Apr-21,199,180.0,,,,,,,3347.0
431,01-Apr-21,198,180.0,,,,,,,3347.0
432,02-Apr-21,198,178.0,,,,,,,1834.0
433,02-Apr-21,197,178.0,,,,,,,1834.0
434,02-Apr-21,196,178.0,,,,,,,1834.0
435,02-Apr-21,196,178.0,,,,,,,1834.0
436,03-Apr-21,195,179.0,,,,,,,543.0
437,03-Apr-21,194,179.0,,,,,,,543.0
438,03-Apr-21,194,179.0,,,,,,,543.0
439,03-Apr-21,193,179.0,,,,,,,543.0
440,04-Apr-21,192,156.0,,,,,,,185.0
441,04-Apr-21,192,156.0,,,,,,,185.0
442,04-Apr-21,191,156.0,,,,,,,185.0
443,04-Apr-21,190,156.0,,,,,,,185.0
444,05-Apr-21,190,188.0,,,,,,,114.0
445,05-Apr-21,189,188.0,,,,,,,114.0
446,05-Apr-21,188,188.0,,,,,,,114.0
447,05-Apr-21,187,188.0,,,,,,,114.0
448,06-Apr-21,187,183.0,,,,,,,106.0
449,06-Apr-21,186,183.0,,,,,,,106.0
450,06-Apr-21,185,183.0,,,,,,,106.0
451,06-Apr-21,185,183.0,,,,,,,106.0
452,07-Apr-21,184,189.0,,,,,,,195.0
453,07-Apr-21,183,189.0,,,,,,,195.0
454,07-Apr-21,182,189.0,,,,,,,195.0
455,07-Apr-21,181,189.0,,,,,,,195.0
456,08-Apr-21,180,167.0,,,,,,,665.0
457,08-Apr-21,179,167.0,,,,,,,665.0
458,08-Apr-21,177,167.0,,,,,,,665.0
459,08-Apr-21,176,167.0,,,,,,,665.0
460,09-Apr-21,175,167.0,,,,,,,645.0
461,09-Apr-21,174,167.0,,,,,,,645.0
462,09-Apr-21,173,167.0,,,,,,,645.0
463,09-Apr-21,172,167.0,,,,,,,645.0
464,10-Apr-21,171,151.0,,,,,,,142.0
465,10-Apr-21,170,151.0,,,,,,,142.0
466,10-Apr-21,169,151.0,,,,,,,142.0
467,10-Apr-21,168,151.0,,,,,,,142.0
468,11-Apr-21,167,175.0,,,,,,,86.0
469,11-Apr-21,167,175.0,,,,,,,86.0
470,11-Apr-21,166,175.0,,,,,,,86.0
471,11-Apr-21,165,175.0,,,,,,,86.0
472,12-Apr-21,164,173.0,,,,,,,
473,12-Apr-21,163,173.0,,,,,,,
474,12-Apr-21,162,173.0,,,,,,,
475,12-Apr-21,161,173.0,,,,,,,
476,13-Apr-21,160,153.0,,,,,,,155.0
477,13-Apr-21,159,153.0,,,,,,,155.0
478,13-Apr-21,158,153.0,,,,,,,155.0
479,13-Apr-21,157,153.0,,,,,,,155.0
480,14-Apr-21,156,156.0,,,,,,,151.0
481,14-Apr-21,155,156.0,,,,,,,151.0
482,14-Apr-21,154,156.0,,,,,,,151.0
483,14-Apr-21,153,156.0,,,,,,,151.0
484,15-Apr-21,153,127.0,,,,,,,148.0
485,15-Apr-21,152,127.0,,,,,,,148.0
486,15-Apr-21,151,127.0,,,,,,,148.0
487,15-Apr-21,150,127.0,,,,,,,148.0
488,16-Apr-21,149,118.0,,,,,,,145.0
489,16-Apr-21,149,118.0,,,,,,,145.0
490,16-Apr-21,148,118.0,,,,,,,145.0
491,16-Apr-21,147,118.0,,,,,,,145.0
492,17-Apr-21,146,135.0,,,,,,,142.0
493,17-Apr-21,146,135.0,,,,,,,142.0
494,17-Apr-21,145,135.0,,,,,,,142.0
495,17-Apr-21,144,135.0,,,,,,,142.0
496,18-Apr-21,144,112.0,,,,,,,140.0
497,18-Apr-21,143,112.0,,,,,,,140.0
498,18-Apr-21,142,112.0,,,,,,,140.0
499,18-Apr-21,142,112.0,,,,,,,140.0
500,19-Apr-21,141,138.0,,,,,,,137.0
501,19-Apr-21,140,138.0,,,,,,,137.0
502,19-Apr-21,140,138.0,,,,,,,137.0
503,19-Apr-21,139,138.0,,,,,,,137.0
504,20-Apr-21,139,98.0,,,,,,,135.0
505,20-Apr-21,138,98.0,,,,,,,135.0
506,20-Apr-21,137,98.0,,,,,,,135.0
507,20-Apr-21,137,98.0,,,,,,,135.0
508,21-Apr-21,136,126.0,,,,,,,133.0
509,21-Apr-21,136,126.0,,,,,,,133.0
510,21-Apr-21,135,126.0,,,,,,,133.0
511,21-Apr-21,135,126.0,,,,,,,133.0
512,22-Apr-21,134,92.0,,,,,,,131.0
513,22-Apr-21,133,92.0,,,,,,,131.0
514,22-Apr-21,133,92.0,,,,,,,131.0
515,22-Apr-21,132,92.0,,,,,,,131.0
516,23-Apr-21,132,124.0,,,,,,,129.0
517,23-Apr-21,131,124.0,,,,,,,129.0
518,23-Apr-21,131,124.0,,,,,,,129.0
519,23-Apr-21,130,124.0,,,,,,,129.0
520,24-Apr-21,130,99.0,,,,,,,127.0
521,24-Apr-21,129,99.0,,,,,,,127.0
522,24-Apr-21,129,99.0,,,,,,,127.0
523,24-Apr-21,128,99.0,,,,,,,127.0
524,25-Apr-21,128,107.0,,,,,,,125.0
525,25-Apr-21,127,107.0,,,,,,,125.0
526,25-Apr-21,127,107.0,,,,,,,125.0
527,25-Apr-21,127,107.0,,,,,,,125.0
528,26-Apr-21,126,108.0,,,,,,,123.0
529,26-Apr-21,126,108.0,,,,,,,123.0
530,26-Apr-21,125,108.0,,,,,,,123.0
531,26-Apr-21,125,108.0,,,,,,,123.0
532,27-Apr-21,125,128.0,,,,,,,122.0
533,27-Apr-21,124,128.0,,,,,,,122.0
534,27-Apr-21,124,128.0,,,,,,,122.0
535,27-Apr-21,123,128.0,,,,,,,122.0
536,28-Apr-21,123,89.0,,,,,,,121.0
537,28-Apr-21,123,89.0,,,,,,,121.0
538,28-Apr-21,122,89.0,,,,,,,121.0
539,28-Apr-21,122,89.0,,,,,,,121.0
540,29-Apr-21,122,80.0,,,,,,,119.0
541,29-Apr-21,121,80.0,,,,,,,119.0
542,29-Apr-21,121,80.0,,,,,,,119.0
543,29-Apr-21,121,80.0,,,,,,,119.0
544,30-Apr-21,120,82.0,,,,,,,118.0
545,30-Apr-21,120,82.0,,,,,,,118.0
546,30-Apr-21,120,82.0,,,,,,,118.0
547,30-Apr-21,119,82.0,,,,,,,118.0
548,01-May-21,119,68.0,,,,,,,3470.0
549,01-May-21,119,68.0,,,,,,,3470.0
550,01-May-21,118,68.0,,,,,,,3470.0
551,01-May-21,118,68.0,,,,,,,3470.0
552,02-May-21,118,92.0,,,,,,,1736.0
553,02-May-21,118,92.0,,,,,,,1736.0
554,02-May-21,117,92.0,,,,,,,1736.0
555,02-May-21,117,92.0,,,,,,,1736.0
556,03-May-21,117,98.0,,,,,,,515.0
557,03-May-21,116,98.0,,,,,,,515.0
558,03-May-21,116,98.0,,,,,,,515.0
559,03-May-21,116,98.0,,,,,,,515.0
560,04-May-21,116,76.0,,,,,,,183.0
561,04-May-21,115,76.0,,,,,,,183.0
562,04-May-21,115,76.0,,,,,,,183.0
563,04-May-21,115,76.0,,,,,,,183.0
564,05-May-21,115,96.0,,,,,,,113.0
565,05-May-21,114,96.0,,,,,,,113.0
566,05-May-21,114,96.0,,,,,,,113.0
567,05-May-21,114,96.0,,,,,,,113.0
568,06-May-21,114,88.0,,,,,,,107.0
569,06-May-21,114,88.0,,,,,,,107.0
570,06-May-21,113,88.0,,,,,,,107.0
571,06-May-21,113,88.0,,,,,,,107.0
572,07-May-21,113,77.0,,,,,,,200.0
573,07-May-21,113,77.0,,,,,,,200.0
574,07-May-21,113,77.0,,,,,,,200.0
575,07-May-21,112,77.0,,,,,,,200.0
576,08-May-21,112,80.0,,,,,,,695.0
577,08-May-21,112,80.0,,,,,,,695.0
578,08-May-21,112,80.0,,,,,,,695.0
579,08-May-21,112,80.0,,,,,,,695.0
580,09-May-21,111,76.0,,,,,,,619.0
581,09-May-21,111,76.0,,,,,,,619.0
582,09-May-21,111,76.0,,,,,,,619.0
583,09-May-21,111,76.0,,,,,,,619.0
584,10-May-21,111,76.0,,,,,,,137.0
585,10-May-21,111,76.0,,,,,,,137.0
586,10-May-21,110,76.0,,,,,,,137.0
587,10-May-21,110,76.0,,,,,,,137.0
588,11-May-21,110,79.0,,,,,,,86.0
589,11-May-21,110,79.0,,,,,,,86.0
590,11-May-21,110,79.0,,,,,,,86.0
591,11-May-21,110,79.0,,,,,,,86.0
592,12-May-21,110,93.0,,,,,,,
593,12-May-21,109,93.0,,,,,,,
594,12-May-21,109,93.0,,,,,,,
595,12-May-21,109,93.0,,,,,,,
596,13-May-21,109,74.0,,,,,,,108.0
597,13-May-21,109,74.0,,,,,,,108.0
598,13-May-21,109,74.0,,,,,,,108.0
599,13-May-21,108,74.0,,,,,,,108.0
600,14-May-21,108,72.0,,,,,,,107.0
601,14-May-21,108,72.0,,,,,,,107.0
602,14-May-21,108,72.0,,,,,,,107.0
603,14-May-21,108,72.0,,,,,,,107.0
604,15-May-21,108,70.0,,,,,,,107.0
605,15-May-21,108,70.0,,,,,,,107.0
606,15-May-21,108,70.0,,,,,,,107.0
607,15-May-21,108,70.0,,,,,,,107.0
608,16-May-21,107,59.0,,,,,,,106.0
609,16-May-21,107,59.0,,,,,,,106.0
610,16-May-21,107,59.0,,,,,,,106.0
611,16-May-21,107,59.0,,,,,,,106.0
612,17-May-21,107,74.0,,,,,,,106.0
613,17-May-21,107,74.0,,,,,,,106.0
614,17-May-21,107,74.0,,,,,,,106.0
615,17-May-21,107,74.0,,,,,,,106.0
616,18-May-21,107,90.0,,,,,,,105.0
617,18-May-21,106,90.0,,,,,,,105.0
618,18-May-21,106,90.0,,,,,,,105.0
619,18-May-21,106,90.0,,,,,,,105.0
620,19-May-21,106,93.0,,,,,,,105.0
621,19-May-21,106,93.0,,,,,,,105.0
622,19-May-21,106,93.0,,,,,,,105.0
623,19-May-21,106,93.0,,,,,,,105.0
624,20-May-21,106,98.0,,,,,,,105.0
625,20-May-21,106,98.0,,,,,,,105.0
626,20-May-21,106,98.0,,,,,,,105.0
627,20-May-21,106,98.0,,,,,,,105.0
628,21-May-21,105,85.0,,,,,,,104.0
629,21-May-21,105,85.0,,,,,,,104.0
630,21-May-21,105,85.0,,,,,,,104.0
631,21-May-21,105,85.0,,,,,,,104.0
632,22-May-21,105,75.0,,,,,,,104.0
633,22-May-21,105,75.0,,,,,,,104.0
634,22-May-21,105,75.0,,,,,,,104.0
635,22-May-21,105,75.0,,,,,,,104.0
636,23-May-21,105,77.0,,,,,,,104.0
637,23-May-21,105,77.0,,,,,,,104.0
638,23-May-21,105,77.0,,,,,,,104.0
639,23-May-21,105,77.0,,,,,,,104.0
640,24-May-21,105,98.0,,,,,,,104.0
641,24-May-21,105,98.0,,,,,,,104.0
642,24-May-21,104,98.0,,,,,,,104.0
643,24-May-21,104,98.0,,,,,,,104.0
644,25-May-21,104,88.0,,,,,,,103.0
645,25-May-21,104,88.0,,,,,,,103.0
646,25-May-21,104,88.0,,,,,,,103.0
647,25-May-21,104,88.0,,,,,,,103.0
648,26-May-21,104,95.0,,,,,,,103.0
649,26-May-21,104,95.0,,,,,,,103.0
650,26-May-21,104,95.0,,,,,,,103.0
651,26-May-21,104,95.0,,,,,,,103.0
652,27-May-21,104,83.0,,,,,,,103.0
653,27-May-21,104,83.0,,,,,,,103.0
654,27-May-21,104,83.0,,,,,,,103.0
655,27-May-21,104,83.0,,,,,,,103.0
656,28-May-21,104,92.0,,,,,,,104.0
657,28-May-21,104,92.0,,,,,,,104.0
658,28-May-21,104,92.0,,,,,,,104.0
659,28-May-21,104,92.0,,,,,,,104.0
660,29-May-21,104,69.0,,,,,,,104.0
661,29-May-21,104,69.0,,,,,,,104.0
662,29-May-21,104,69.0,,,,,,,104.0
663,29-May-21,104,69.0,,,,,,,104.0
664,30-May-21,105,80.0,,,,,,,104.0
665,30-May-21,105,80.0,,,,,,,104.0
666,30-May-21,105,80.0,,,,,,,104.0
667,30-May-21,105,80.0,,,,,,,104.0
668,31-May-21,105,98.0,,,,,,,104.0
669,31-May-21,105,98.0,,,,,,,104.0
670,31-May-21,105,98.0,,,,,,,104.0
671,31-May-21,105,98.0,,,,,,,104.0
672,01-Jun-21,105,115.0,,,,,,,3582.0
673,01-Jun-21,105,115.0,,,,,,,3582.0
674,01-Jun-21,105,115.0,,,,,,,3582.0
675,01-Jun-21,105,115.0,,,,,,,3582.0
676,02-Jun-21,105,101.0,,,,,,,1643.0
677,02-Jun-21,105,101.0,,,,,,,1643.0
678,02-Jun-21,106,101.0,,,,,,,1643.0
679,02-Jun-21,106,101.0,,,,,,,1643.0
680,03-Jun-21,106,93.0,,,,,,,489.0
681,03-Jun-21,106,93.0,,,,,,,489.0
682,03-Jun-21,106,93.0,,,,,,,489.0
683,03-Jun-21,106,93.0,,,,,,,489.0
684,04-Jun-21,106,96.0,,,,,,,180.0
685,04-Jun-21,107,96.0,,,,,,,180.0
686,04-Jun-21,107,96.0,,,,,,,180.0
687,04-Jun-21,107,96.0,,,,,,,180.0
688,05-Jun-21,107,96.0,,,,,,,112.0
689,05-Jun-21,107,96.0,,,,,,,112.0
690,05-Jun-21,108,96.0,,,,,,,112.0
691,05-Jun-21,108,96.0,,,,,,,112.0
692,06-Jun-21,108,121.0,,,,,,,107.0
693,06-Jun-21,108,121.0,,,,,,,107.0
694,06-Jun-21,109,121.0,,,,,,,107.0
695,06-Jun-21,109,121.0,,,,,,,107.0
696,07-Jun-21,109,131.0,,,,,,,206.0
697,07-Jun-21,109,131.0,,,,,,,206.0
698,07-Jun-21,110,131.0,,,,,,,206.0
699,07-Jun-21,110,131.0,,,,,,,206.0
700,08-Jun-21,110,147.0,,,,,,,723.0
701,08-Jun-21,111,147.0,,,,,,,723.0
702,08-Jun-21,111,147.0,,,,,,,723.0
703,08-Jun-21,111,147.0,,,,,,,723.0
704,09-Jun-21,112,158.0,,,,,,,593.0
705,09-Jun-21,112,158.0,,,,,,,593.0
706,09-Jun-21,113,158.0,,,,,,,593.0
707,09-Jun-21,113,158.0,,,,,,,593.0
708,10-Jun-21,113,162.0,,,,,,,132.0
709,10-Jun-21,114,162.0,,,,,,,132.0
710,10-Jun-21,114,162.0,,,,,,,132.0
711,10-Jun-21,115,162.0,,,,,,,132.0
712,11-Jun-21,115,144.0,,,,,,,86.0
713,11-Jun-21,116,144.0,,,,,,,86.0
714,11-Jun-21,116,144.0,,,,,,,86.0
715,11-Jun-21,117,144.0,,,,,,,86.0
716,12-Jun-21,117,137.0,185.288,153.545,171.359,166.705,149.981,186.449,
717,12-Jun-21,118,137.0,185.288,153.545,171.359,166.705,149.981,186.449,
718,12-Jun-21,118,137.0,185.288,153.545,171.359,166.705,149.981,186.449,
719,12-Jun-21,119,137.0,185.288,153.545,171.359,166.705,149.981,186.449,
720,13-Jun-21,119,187.0,181.989,169.006,197.751,173.303,171.975,199.391,119.0
721,13-Jun-21,120,187.0,181.989,169.006,197.751,173.303,171.975,199.391,119.0
722,13-Jun-21,121,187.0,181.989,169.006,197.751,173.303,171.975,199.391,119.0
723,13-Jun-21,121,187.0,181.989,169.006,197.751,173.303,171.975,199.391,119.0
724,14-Jun-21,122,185.0,178.69,185.801,224.143,179.901,193.968,213.467,121.0
725,14-Jun-21,122,185.0,178.69,185.801,224.143,179.901,193.968,213.467,121.0
726,14-Jun-21,123,185.0,178.69,185.801,224.143,179.901,193.968,213.467,121.0
727,14-Jun-21,124,185.0,178.69,185.801,224.143,179.901,193.968,213.467,121.0
728,15-Jun-21,124,,175.786,202.596,249.206,186.499,215.962,227.543,124.0
729,15-Jun-21,125,,175.786,202.596,249.206,186.499,215.962,227.543,124.0
730,15-Jun-21,125,,175.786,202.596,249.206,186.499,215.962,227.543,124.0
731,15-Jun-21,126,,175.786,202.596,249.206,186.499,215.962,227.543,124.0
732,16-Jun-21,127,,199.779,219.391,271.828,193.097,237.956,241.619,126.0
733,16-Jun-21,127,,199.779,219.391,271.828,193.097,237.956,241.619,126.0
734,16-Jun-21,128,,199.779,219.391,271.828,193.097,237.956,241.619,126.0
735,16-Jun-21,129,,199.779,219.391,271.828,193.097,237.956,241.619,126.0
736,17-Jun-21,129,,223.772,237.502,294.45,207.71,259.31,255.695,129.0
737,17-Jun-21,130,,223.772,237.502,294.45,207.71,259.31,255.695,129.0
738,17-Jun-21,131,,223.772,237.502,294.45,207.71,259.31,255.695,129.0
739,17-Jun-21,131,,223.772,237.502,294.45,207.71,259.31,255.695,129.0
740,18-Jun-21,132,,247.765,258.03,317.072,237.035,279.493,269.771,132.0
741,18-Jun-21,133,,247.765,258.03,317.072,237.035,279.493,269.771,132.0
742,18-Jun-21,133,,247.765,258.03,317.072,237.035,279.493,269.771,132.0
743,18-Jun-21,134,,247.765,258.03,317.072,237.035,279.493,269.771,132.0
744,19-Jun-21,135,,271.758,278.557,339.694,266.36,299.675,295.67,134.0
745,19-Jun-21,136,,271.758,278.557,339.694,266.36,299.675,295.67,134.0
746,19-Jun-21,136,,271.758,278.557,339.694,266.36,299.675,295.67,134.0
747,19-Jun-21,137,,271.758,278.557,339.694,266.36,299.675,295.67,134.0
748,20-Jun-21,138,,296.818,299.084,362.316,295.684,319.857,326.861,137.0
749,20-Jun-21,138,,296.818,299.084,362.316,295.684,319.857,326.861,137.0
750,20-Jun-21,139,,296.818,299.084,362.316,295.684,319.857,326.861,137.0
751,20-Jun-21,140,,296.818,299.084,362.316,295.684,319.857,326.861,137.0
752,21-Jun-21,141,,323.21,319.612,393.025,325.701,340.04,358.052,141.0
753,21-Jun-21,142,,323.21,319.612,393.025,325.701,340.04,358.052,141.0
754,21-Jun-21,142,,323.21,319.612,393.025,325.701,340.04,358.052,141.0
755,21-Jun-21,143,,323.21,319.612,393.025,325.701,340.04,358.052,141.0
756,22-Jun-21,144,,349.602,340.139,430.728,356.154,360.222,389.243,144.0
757,22-Jun-21,145,,349.602,340.139,430.728,356.154,360.222,389.243,144.0
758,22-Jun-21,146,,349.602,340.139,430.728,356.154,360.222,389.243,144.0
759,22-Jun-21,146,,349.602,340.139,430.728,356.154,360.222,389.243,144.0
760,23-Jun-21,147,,375.994,360.666,468.431,386.606,380.404,421.129,147.0
761,23-Jun-21,148,,375.994,360.666,468.431,386.606,380.404,421.129,147.0
762,23-Jun-21,149,,375.994,360.666,468.431,386.606,380.404,421.129,147.0
763,23-Jun-21,150,,375.994,360.666,468.431,386.606,380.404,421.129,147.0
764,24-Jun-21,151,,433.412,381.194,506.135,417.059,410.037,458.078,151.0
765,24-Jun-21,152,,433.412,381.194,506.135,417.059,410.037,458.078,151.0
766,24-Jun-21,153,,433.412,381.194,506.135,417.059,410.037,458.078,151.0
767,24-Jun-21,153,,433.412,381.194,506.135,417.059,410.037,458.078,151.0
768,25-Jun-21,154,,503.791,429.927,543.838,447.512,462.821,495.028,155.0
769,25-Jun-21,155,,503.791,429.927,543.838,447.512,462.821,495.028,155.0
770,25-Jun-21,156,,503.791,429.927,543.838,447.512,462.821,495.028,155.0
771,25-Jun-21,157,,503.791,429.927,543.838,447.512,462.821,495.028,155.0
772,26-Jun-21,158,,566.223,482.711,581.541,483.272,515.606,531.977,158.0
773,26-Jun-21,159,,566.223,482.711,581.541,483.272,515.606,531.977,158.0
774,26-Jun-21,160,,566.223,482.711,581.541,483.272,515.606,531.977,158.0
775,26-Jun-21,161,,566.223,482.711,581.541,483.272,515.606,531.977,158.0
776,27-Jun-21,162,,599.213,535.496,634.57,538.696,568.39,568.926,163.0
777,27-Jun-21,163,,599.213,535.496,634.57,538.696,568.39,568.926,163.0
778,27-Jun-21,164,,599.213,535.496,634.57,538.696,568.39,568.926,163.0
779,27-Jun-21,165,,599.213,535.496,634.57,538.696,568.39,568.926,163.0
780,28-Jun-21,166,,632.204,592.917,693.564,594.12,616.925,615.508,167.0
781,28-Jun-21,167,,632.204,592.917,693.564,594.12,616.925,615.508,167.0
782,28-Jun-21,168,,632.204,592.917,693.564,594.12,616.925,615.508,167.0
783,28-Jun-21,169,,632.204,592.917,693.564,594.12,616.925,615.508,167.0
784,29-Jun-21,170,,665.194,650.5,752.559,649.544,665.311,662.428,171.0
785,29-Jun-21,171,,665.194,650.5,752.559,649.544,665.311,662.428,171.0
786,29-Jun-21,172,,665.194,650.5,752.559,649.544,665.311,662.428,171.0
787,29-Jun-21,173,,665.194,650.5,752.559,649.544,665.311,662.428,171.0
788,30-Jun-21,174,,733.374,708.083,811.554,704.942,713.697,709.348,176.0
789,30-Jun-21,175,,733.374,708.083,811.554,704.942,713.697,709.348,176.0
790,30-Jun-21,176,,733.374,708.083,811.554,704.942,713.697,709.348,176.0
791,30-Jun-21,177,,733.374,708.083,811.554,704.942,713.697,709.348,176.0
792,01-Jul-21,178,,805.953,765.666,870.548,759.926,762.083,756.933,3666.0
793,01-Jul-21,179,,805.953,765.666,870.548,759.926,762.083,756.933,3666.0
794,01-Jul-21,180,,805.953,765.666,870.548,759.926,762.083,756.933,3666.0
795,01-Jul-21,182,,805.953,765.666,870.548,759.926,762.083,756.933,3666.0
796,02-Jul-21,183,,878.532,823.091,929.543,814.91,810.469,806.785,1553.0
797,02-Jul-21,184,,878.532,823.091,929.543,814.91,810.469,806.785,1553.0
798,02-Jul-21,185,,878.532,823.091,929.543,814.91,810.469,806.785,1553.0
799,02-Jul-21,186,,878.532,823.091,929.543,814.91,810.469,806.785,1553.0
800,03-Jul-21,187,,1012.023,880.274,988.537,869.894,858.854,856.637,463.0
801,03-Jul-21,188,,1012.023,880.274,988.537,869.894,858.854,856.637,463.0
802,03-Jul-21,189,,1012.023,880.274,988.537,869.894,858.854,856.637,463.0
803,03-Jul-21,191,,1012.023,880.274,988.537,869.894,858.854,856.637,463.0
804,04-Jul-21,192,,1192.37,937.458,1037.146,924.878,907.24,906.489,177.0
805,04-Jul-21,193,,1192.37,937.458,1037.146,924.878,907.24,906.489,177.0
806,04-Jul-21,194,,1192.37,937.458,1037.146,924.878,907.24,906.489,177.0
807,04-Jul-21,195,,1192.37,937.458,1037.146,924.878,907.24,906.489,177.0
808,05-Jul-21,196,,1367.06,994.641,1080.334,978.084,955.626,952.407,111.0
809,05-Jul-21,198,,1367.06,994.641,1080.334,978.084,955.626,952.407,111.0
810,05-Jul-21,199,,1367.06,994.641,1080.334,978.084,955.626,952.407,111.0
811,05-Jul-21,200,,1367.06,994.641,1080.334,978.084,955.626,952.407,111.0
812,06-Jul-21,201,,1469.33,1051.824,1123.521,1008.537,1004.012,994.195,108.0
813,06-Jul-21,202,,1469.33,1051.824,1123.521,1008.537,1004.012,994.195,108.0
814,06-Jul-21,204,,1469.33,1051.824,1123.521,1008.537,1004.012,994.195,108.0
815,06-Jul-21,205,,1469.33,1051.824,1123.521,1008.537,1004.012,994.195,108.0
816,07-Jul-21,206,,1571.6,1150.551,1166.708,1038.989,1052.398,1035.982,212.0
817,07-Jul-21,207,,1571.6,1150.551,1166.708,1038.989,1052.398,1035.982,212.0
818,07-Jul-21,208,,1571.6,1150.551,1166.708,1038.989,1052.398,1035.982,212.0
819,07-Jul-21,210,,1571.6,1150.551,1166.708,1038.989,1052.398,1035.982,212.0
820,08-Jul-21,211,,1673.87,1302.836,1211.878,1069.442,1087.651,1077.77,751.0
821,08-Jul-21,212,,1673.87,1302.836,1211.878,1069.442,1087.651,1077.77,751.0
822,08-Jul-21,213,,1673.87,1302.836,1211.878,1069.442,1087.651,1077.77,751.0
823,08-Jul-21,215,,1673.87,1302.836,1211.878,1069.442,1087.651,1077.77,751.0
824,09-Jul-21,216,,1833.945,1424.24,1277.859,1099.894,1122.841,1119.558,567.0
825,09-Jul-21,217,,1833.945,1424.24,1277.859,1099.894,1122.841,1119.558,567.0
826,09-Jul-21,218,,1833.945,1424.24,1277.859,1099.894,1122.841,1119.558,567.0
827,09-Jul-21,220,,1833.945,1424.24,1277.859,1099.894,1122.841,1119.558,567.0
828,10-Jul-21,221,,2013.413,1542.432,1343.839,1130.347,1158.031,1154.816,127.0
829,10-Jul-21,222,,2013.413,1542.432,1343.839,1130.347,1158.031,1154.816,127.0
830,10-Jul-21,223,,2013.413,1542.432,1343.839,1130.347,1158.031,1154.816,127.0
831,10-Jul-21,225,,2013.413,1542.432,1343.839,1130.347,1158.031,1154.816,127.0
832,11-Jul-21,226,,2140.726,1626.887,1409.82,1163.39,1193.22,1183.608,85.0
833,11-Jul-21,227,,2140.726,1626.887,1409.82,1163.39,1193.22,1183.608,85.0
834,11-Jul-21,228,,2140.726,1626.887,1409.82,1163.39,1193.22,1183.608,85.0
835,11-Jul-21,230,,2140.726,1626.887,1409.82,1163.39,1193.22,1183.608,85.0
836,12-Jul-21,231,,2242.525,1711.546,1488.391,1197.7,1228.41,1212.399,
837,12-Jul-21,232,,2242.525,1711.546,1488.391,1197.7,1228.41,1212.399,
838,12-Jul-21,233,,2242.525,1711.546,1488.391,1197.7,1228.41,1212.399,
839,12-Jul-21,235,,2242.525,1711.546,1488.391,1197.7,1228.41,1212.399,
840,13-Jul-21,236,,2344.324,1817.115,1570.867,1232.01,1263.6,1241.191,248.0
841,13-Jul-21,237,,2344.324,1817.115,1570.867,1232.01,1263.6,1241.191,248.0
842,13-Jul-21,238,,2344.324,1817.115,1570.867,1232.01,1263.6,1241.191,248.0
843,13-Jul-21,240,,2344.324,1817.115,1570.867,1232.01,1263.6,1241.191,248.0
844,14-Jul-21,241,,2407.032,1925.307,1653.343,1266.32,1270.251,1269.983,254.0
845,14-Jul-21,242,,2407.032,1925.307,1653.343,1266.32,1270.251,1269.983,254.0
846,14-Jul-21,244,,2407.032,1925.307,1653.343,1266.32,1270.251,1269.983,254.0
847,14-Jul-21,245,,2407.032,1925.307,1653.343,1266.32,1270.251,1269.983,254.0
848,15-Jul-21,246,,2457.617,2038.417,1724.424,1297.901,1268.052,1267.008,261.0
849,15-Jul-21,247,,2457.617,2038.417,1724.424,1297.901,1268.052,1267.008,261.0
850,15-Jul-21,249,,2457.617,2038.417,1724.424,1297.901,1268.052,1267.008,261.0
851,15-Jul-21,250,,2457.617,2038.417,1724.424,1297.901,1268.052,1267.008,261.0
852,16-Jul-21,251,,2508.202,2151.527,1780.979,1326.933,1265.852,1261.73,268.0
853,16-Jul-21,252,,2508.202,2151.527,1780.979,1326.933,1265.852,1261.73,268.0
854,16-Jul-21,254,,2508.202,2151.527,1780.979,1326.933,1265.852,1261.73,268.0
855,16-Jul-21,255,,2508.202,2151.527,1780.979,1326.933,1265.852,1261.73,268.0
856,17-Jul-21,256,,2558.788,2226.515,1837.534,1355.964,1263.653,1256.451,274.0
857,17-Jul-21,257,,2558.788,2226.515,1837.534,1355.964,1263.653,1256.451,274.0
858,17-Jul-21,259,,2558.788,2226.515,1837.534,1355.964,1263.653,1256.451,274.0
859,17-Jul-21,260,,2558.788,2226.515,1837.534,1355.964,1263.653,1256.451,274.0
860,18-Jul-21,261,,2609.373,2252.907,1886.826,1384.996,1261.454,1251.173,281.0
861,18-Jul-21,262,,2609.373,2252.907,1886.826,1384.996,1261.454,1251.173,281.0
862,18-Jul-21,264,,2609.373,2252.907,1886.826,1384.996,1261.454,1251.173,281.0
863,18-Jul-21,265,,2609.373,2252.907,1886.826,1384.996,1261.454,1251.173,281.0
864,19-Jul-21,266,,2603.245,2279.299,1929.713,1422.634,1264.697,1234.604,288.0
865,19-Jul-21,267,,2603.245,2279.299,1929.713,1422.634,1264.697,1234.604,288.0
866,19-Jul-21,269,,2603.245,2279.299,1929.713,1422.634,1264.697,1234.604,288.0
867,19-Jul-21,270,,2603.245,2279.299,1929.713,1422.634,1264.697,1234.604,288.0
868,20-Jul-21,271,,2580.913,2305.692,1972.6,1475.418,1269.496,1214.81,295.0
869,20-Jul-21,272,,2580.913,2305.692,1972.6,1475.418,1269.496,1214.81,295.0
870,20-Jul-21,274,,2580.913,2305.692,1972.6,1475.418,1269.496,1214.81,295.0
871,20-Jul-21,275,,2580.913,2305.692,1972.6,1475.418,1269.496,1214.81,295.0
872,21-Jul-21,276,,2558.581,2319.932,2004.229,1528.203,1274.294,1195.016,305.0
873,21-Jul-21,277,,2558.581,2319.932,2004.229,1528.203,1274.294,1195.016,305.0
874,21-Jul-21,278,,2558.581,2319.932,2004.229,1528.203,1274.294,1195.016,305.0
875,21-Jul-21,280,,2558.581,2319.932,2004.229,1528.203,1274.294,1195.016,305.0
876,22-Jul-21,281,,2536.249,2303.691,1992.918,1550.388,1279.093,1175.222,324.0
877,22-Jul-21,282,,2536.249,2303.691,1992.918,1550.388,1279.093,1175.222,324.0
878,22-Jul-21,283,,2536.249,2303.691,1992.918,1550.388,1279.093,1175.222,324.0
879,22-Jul-21,284,,2536.249,2303.691,1992.918,1550.388,1279.093,1175.222,324.0
880,23-Jul-21,285,,2513.917,2287.449,1981.607,1567.982,1284.265,1155.428,344.0
881,23-Jul-21,287,,2513.917,2287.449,1981.607,1567.982,1284.265,1155.428,344.0
882,23-Jul-21,288,,2513.917,2287.449,1981.607,1567.982,1284.265,1155.428,344.0
883,23-Jul-21,289,,2513.917,2287.449,1981.607,1567.982,1284.265,1155.428,344.0
884,24-Jul-21,290,,2482.952,2271.208,1971.313,1585.577,1290.863,1125.178,366.0
885,24-Jul-21,291,,2482.952,2271.208,1971.313,1585.577,1290.863,1125.178,366.0
886,24-Jul-21,292,,2482.952,2271.208,1971.313,1585.577,1290.863,1125.178,366.0
887,24-Jul-21,293,,2482.952,2271.208,1971.313,1585.577,1290.863,1125.178,366.0
888,25-Jul-21,294,,2437.708,2254.967,1963.395,1603.172,1297.461,1092.188,389.0
889,25-Jul-21,299,,2437.708,2254.967,1963.395,1603.172,1297.461,1092.188,389.0
890,25-Jul-21,303,,2437.708,2254.967,1963.395,1603.172,1297.461,1092.188,389.0
891,25-Jul-21,307,,2437.708,2254.967,1963.395,1603.172,1297.461,1092.188,389.0
892,26-Jul-21,311,,2392.464,2238.725,1955.477,1620.767,1304.06,1059.198,413.0
893,26-Jul-21,316,,2392.464,2238.725,1955.477,1620.767,1304.06,1059.198,413.0
894,26-Jul-21,320,,2392.464,2238.725,1955.477,1620.767,1304.06,1059.198,413.0
895,26-Jul-21,325,,2392.464,2238.725,1955.477,1620.767,1304.06,1059.198,413.0
896,27-Jul-21,329,,2316.478,2185.511,1947.56,1620.686,1310.658,1001.473,438.0
897,27-Jul-21,334,,2316.478,2185.511,1947.56,1620.686,1310.658,1001.473,438.0
898,27-Jul-21,338,,2316.478,2185.511,1947.56,1620.686,1310.658,1001.473,438.0
899,27-Jul-21,343,,2316.478,2185.511,1947.56,1620.686,1310.658,1001.473,438.0
900,28-Jul-21,348,,2205.63,2127.448,1930.271,1618.287,1314.323,915.698,464.0
901,28-Jul-21,352,,2205.63,2127.448,1930.271,1618.287,1314.323,915.698,464.0
902,28-Jul-21,357,,2205.63,2127.448,1930.271,1618.287,1314.323,915.698,464.0
903,28-Jul-21,362,,2205.63,2127.448,1930.271,1618.287,1314.323,915.698,464.0
904,29-Jul-21,367,,2097.935,2057.674,1857.692,1615.887,1307.725,876.193,491.0
905,29-Jul-21,372,,2097.935,2057.674,1857.692,1615.887,1307.725,876.193,491.0
906,29-Jul-21,377,,2097.935,2057.674,1857.692,1615.887,1307.725,876.193,491.0
907,29-Jul-21,382,,2097.935,2057.674,1857.692,1615.887,1307.725,876.193,491.0
908,30-Jul-21,387,,1995.144,1985.095,1775.551,1613.488,1301.127,847.77,519.0
909,30-Jul-21,392,,1995.144,1985.095,1775.551,1613.488,1301.127,847.77,519.0
910,30-Jul-21,397,,1995.144,1985.095,1775.551,1613.488,1301.127,847.77,519.0
911,30-Jul-21,402,,1995.144,1985.095,1775.551,1613.488,1301.127,847.77,519.0
912,31-Jul-21,407,,1892.353,1912.517,1683.178,1598.582,1294.529,819.348,547.0
913,31-Jul-21,412,,1892.353,1912.517,1683.178,1598.582,1294.529,819.348,547.0
914,31-Jul-21,417,,1892.353,1912.517,1683.178,1598.582,1294.529,819.348,547.0
915,31-Jul-21,422,,1892.353,1912.517,1683.178,1598.582,1294.529,819.348,547.0
916,01-Aug-21,427,,1789.562,1839.938,1601.642,1556.355,1287.931,790.925,3736.0
917,01-Aug-21,433,,1789.562,1839.938,1601.642,1556.355,1287.931,790.925,3736.0
918,01-Aug-21,438,,1789.562,1839.938,1601.642,1556.355,1287.931,790.925,3736.0
919,01-Aug-21,443,,1789.562,1839.938,1601.642,1556.355,1287.931,790.925,3736.0
920,02-Aug-21,448,,1686.771,1767.359,1522.465,1514.127,1279.424,762.503,1468.0
921,02-Aug-21,454,,1686.771,1767.359,1522.465,1514.127,1279.424,762.503,1468.0
922,02-Aug-21,459,,1686.771,1767.359,1522.465,1514.127,1279.424,762.503,1468.0
923,02-Aug-21,464,,1686.771,1767.359,1522.465,1514.127,1279.424,762.503,1468.0
924,03-Aug-21,469,,1583.98,1660.462,1433.471,1471.899,1264.762,731.334,439.0
925,03-Aug-21,474,,1583.98,1660.462,1433.471,1471.899,1264.762,731.334,439.0
926,03-Aug-21,480,,1583.98,1660.462,1433.471,1471.899,1264.762,731.334,439.0
927,03-Aug-21,485,,1583.98,1660.462,1433.471,1471.899,1264.762,731.334,439.0
928,04-Aug-21,490,,1481.189,1546.095,1331.344,1430.092,1250.099,696.144,173.0
929,04-Aug-21,495,,1481.189,1546.095,1331.344,1430.092,1250.099,696.144,173.0
930,04-Aug-21,500,,1481.189,1546.095,1331.344,1430.092,1250.099,696.144,173.0
931,04-Aug-21,505,,1481.189,1546.095,1331.344,1430.092,1250.099,696.144,173.0
932,05-Aug-21,510,,1378.398,1431.729,1162.196,1390.504,1235.437,660.955,111.0
933,05-Aug-21,516,,1378.398,1431.729,1162.196,1390.504,1235.437,660.955,111.0
934,05-Aug-21,521,,1378.398,1431.729,1162.196,1390.504,1235.437,660.955,111.0
935,05-Aug-21,526,,1378.398,1431.729,1162.196,1390.504,1235.437,660.955,111.0
936,06-Aug-21,530,,1288.499,1319.891,1118.209,1350.915,1208.372,625.765,110.0
937,06-Aug-21,535,,1288.499,1319.891,1118.209,1350.915,1208.372,625.765,110.0
938,06-Aug-21,540,,1288.499,1319.891,1118.209,1350.915,1208.372,625.765,110.0
939,06-Aug-21,545,,1288.499,1319.891,1118.209,1350.915,1208.372,625.765,110.0
940,07-Aug-21,550,,1211.617,1236.315,1074.221,1311.327,1168.783,590.575,217.0
941,07-Aug-21,554,,1211.617,1236.315,1074.221,1311.327,1168.783,590.575,217.0
942,07-Aug-21,559,,1211.617,1236.315,1074.221,1311.327,1168.783,590.575,217.0
943,07-Aug-21,564,,1211.617,1236.315,1074.221,1311.327,1168.783,590.575,217.0
944,08-Aug-21,568,,1134.735,1152.74,1026.421,1227.624,1129.054,555.386,778.0
945,08-Aug-21,572,,1134.735,1152.74,1026.421,1227.624,1129.054,555.386,778.0
946,08-Aug-21,577,,1134.735,1152.74,1026.421,1227.624,1129.054,555.386,778.0
947,08-Aug-21,581,,1134.735,1152.74,1026.421,1227.624,1129.054,555.386,778.0
948,09-Aug-21,585,,1057.853,1069.164,977.407,1132.956,1060.435,518.054,542.0
949,09-Aug-21,589,,1057.853,1069.164,977.407,1132.956,1060.435,518.054,542.0
950,09-Aug-21,593,,1057.853,1069.164,977.407,1132.956,1060.435,518.054,542.0
951,09-Aug-21,597,,1057.853,1069.164,977.407,1132.956,1060.435,518.054,542.0
952,10-Aug-21,601,,980.972,985.588,928.393,1027.387,991.815,470.548,123.0
953,10-Aug-21,605,,980.972,985.588,928.393,1027.387,991.815,470.548,123.0
954,10-Aug-21,608,,980.972,985.588,928.393,1027.387,991.815,470.548,123.0
955,10-Aug-21,612,,980.972,985.588,928.393,1027.387,991.815,470.548,123.0
956,11-Aug-21,615,,904.09,905.413,862.709,921.818,923.195,424.444,85.0
957,11-Aug-21,618,,904.09,905.413,862.709,921.818,923.195,424.444,85.0
958,11-Aug-21,621,,904.09,905.413,862.709,921.818,923.195,424.444,85.0
959,11-Aug-21,625,,904.09,905.413,862.709,921.818,923.195,424.444,85.0
960,12-Aug-21,627,,827.208,857.027,794.089,816.248,854.575,391.454,
961,12-Aug-21,630,,827.208,857.027,794.089,816.248,854.575,391.454,
962,12-Aug-21,633,,827.208,857.027,794.089,816.248,854.575,391.454,
963,12-Aug-21,635,,827.208,857.027,794.089,816.248,854.575,391.454,
964,13-Aug-21,638,,750.326,808.641,733.001,771.267,785.955,358.463,887.0
965,13-Aug-21,640,,750.326,808.641,733.001,771.267,785.955,358.463,887.0
966,13-Aug-21,642,,750.326,808.641,733.001,771.267,785.955,358.463,887.0
967,13-Aug-21,644,,750.326,808.641,733.001,771.267,785.955,358.463,887.0
968,14-Aug-21,646,,673.444,760.255,674.126,736.957,717.335,325.473,902.0
969,14-Aug-21,648,,673.444,760.255,674.126,736.957,717.335,325.473,902.0
970,14-Aug-21,650,,673.444,760.255,674.126,736.957,717.335,325.473,902.0
971,14-Aug-21,651,,673.444,760.255,674.126,736.957,717.335,325.473,902.0
972,15-Aug-21,652,,596.562,711.869,615.251,702.647,666.783,306.763,914.0
973,15-Aug-21,654,,596.562,711.869,615.251,702.647,666.783,306.763,914.0
974,15-Aug-21,655,,596.562,711.869,615.251,702.647,666.783,306.763,914.0
975,15-Aug-21,656,,596.562,711.869,615.251,702.647,666.783,306.763,914.0
976,16-Aug-21,656,,566.355,665.438,556.376,668.337,621.539,292.247,923.0
977,16-Aug-21,657,,566.355,665.438,556.376,668.337,621.539,292.247,923.0
978,16-Aug-21,658,,566.355,665.438,556.376,668.337,621.539,292.247,923.0
979,16-Aug-21,658,,566.355,665.438,556.376,668.337,621.539,292.247,923.0
980,17-Aug-21,658,,539.02,634.647,497.501,628.519,576.295,277.731,930.0
981,17-Aug-21,658,,539.02,634.647,497.501,628.519,576.295,277.731,930.0
982,17-Aug-21,658,,539.02,634.647,497.501,628.519,576.295,277.731,930.0
983,17-Aug-21,658,,539.02,634.647,497.501,628.519,576.295,277.731,930.0
984,18-Aug-21,657,,511.685,603.856,451.691,586.291,521.27,263.215,933.0
985,18-Aug-21,657,,511.685,603.856,451.691,586.291,521.27,263.215,933.0
986,18-Aug-21,656,,511.685,603.856,451.691,586.291,521.27,263.215,933.0
987,18-Aug-21,655,,511.685,603.856,451.691,586.291,521.27,263.215,933.0
988,19-Aug-21,654,,484.35,573.065,427.938,544.064,464.716,248.7,934.0
989,19-Aug-21,653,,484.35,573.065,427.938,544.064,464.716,248.7,934.0
990,19-Aug-21,652,,484.35,573.065,427.938,544.064,464.716,248.7,934.0
991,19-Aug-21,651,,484.35,573.065,427.938,544.064,464.716,248.7,934.0
992,20-Aug-21,649,,457.016,542.274,404.185,501.836,408.161,234.184,931.0
993,20-Aug-21,648,,457.016,542.274,404.185,501.836,408.161,234.184,931.0
994,20-Aug-21,646,,457.016,542.274,404.185,501.836,408.161,234.184,931.0
995,20-Aug-21,644,,457.016,542.274,404.185,501.836,408.161,234.184,931.0
996,21-Aug-21,642,,429.681,511.483,380.431,464.881,388.03,219.668,926.0
997,21-Aug-21,640,,429.681,511.483,380.431,464.881,388.03,219.668,926.0
998,21-Aug-21,638,,429.681,511.483,380.431,464.881,388.03,219.668,926.0
999,21-Aug-21,635,,429.681,511.483,380.431,464.881,388.03,219.668,926.0
1000,22-Aug-21,633,,402.346,480.692,357.38,432.398,369.556,205.152,918.0
1001,22-Aug-21,630,,402.346,480.692,357.38,432.398,369.556,205.152,918.0
1002,22-Aug-21,627,,402.346,480.692,357.38,432.398,369.556,205.152,918.0
1003,22-Aug-21,624,,402.346,480.692,357.38,432.398,369.556,205.152,918.0
1004,23-Aug-21,621,,375.011,449.901,336.852,399.915,351.081,196.08,907.0
1005,23-Aug-21,618,,375.011,449.901,336.852,399.915,351.081,196.08,907.0
1006,23-Aug-21,615,,375.011,449.901,336.852,399.915,351.081,196.08,907.0
1007,23-Aug-21,612,,375.011,449.901,336.852,399.915,351.081,196.08,907.0
1008,24-Aug-21,609,,347.676,426.807,316.325,367.432,332.607,193.302,894.0
1009,24-Aug-21,605,,347.676,426.807,316.325,367.432,332.607,193.302,894.0
1010,24-Aug-21,602,,347.676,426.807,316.325,367.432,332.607,193.302,894.0
1011,24-Aug-21,598,,347.676,426.807,316.325,367.432,332.607,193.302,894.0
1012,25-Aug-21,594,,320.341,408.177,295.798,334.95,314.837,190.524,878.0
1013,25-Aug-21,590,,320.341,408.177,295.798,334.95,314.837,190.524,878.0
1014,25-Aug-21,586,,320.341,408.177,295.798,334.95,314.837,190.524,878.0
1015,25-Aug-21,582,,320.341,408.177,295.798,334.95,314.837,190.524,878.0
1016,26-Aug-21,578,,293.006,389.547,275.27,305.257,297.243,187.746,860.0
1017,26-Aug-21,574,,293.006,389.547,275.27,305.257,297.243,187.746,860.0
1018,26-Aug-21,570,,293.006,389.547,275.27,305.257,297.243,187.746,860.0
1019,26-Aug-21,566,,293.006,389.547,275.27,305.257,297.243,187.746,860.0
1020,27-Aug-21,561,,271.256,370.917,254.743,292.689,279.648,184.967,841.0
1021,27-Aug-21,557,,271.256,370.917,254.743,292.689,279.648,184.967,841.0
1022,27-Aug-21,553,,271.256,370.917,254.743,292.689,279.648,184.967,841.0
1023,27-Aug-21,548,,271.256,370.917,254.743,292.689,279.648,184.967,841.0
1024,28-Aug-21,544,,261.983,352.287,234.216,280.121,262.053,182.189,820.0
1025,28-Aug-21,539,,261.983,352.287,234.216,280.121,262.053,182.189,820.0
1026,28-Aug-21,535,,261.983,352.287,234.216,280.121,262.053,182.189,820.0
1027,28-Aug-21,530,,261.983,352.287,234.216,280.121,262.053,182.189,820.0
1028,29-Aug-21,526,,252.71,333.657,213.688,267.554,244.458,179.411,797.0
1029,29-Aug-21,521,,252.71,333.657,213.688,267.554,244.458,179.411,797.0
1030,29-Aug-21,516,,252.71,333.657,213.688,267.554,244.458,179.411,797.0
1031,29-Aug-21,511,,252.71,333.657,213.688,267.554,244.458,179.411,797.0
1032,30-Aug-21,507,,243.437,315.027,199.663,254.986,226.863,176.633,774.0
1033,30-Aug-21,502,,243.437,315.027,199.663,254.986,226.863,176.633,774.0
1034,30-Aug-21,497,,243.437,315.027,199.663,254.986,226.863,176.633,774.0
1035,30-Aug-21,492,,243.437,315.027,199.663,254.986,226.863,176.633,774.0
1036,31-Aug-21,487,,234.164,297.614,187.933,242.418,211.274,173.855,749.0
1037,31-Aug-21,482,,234.164,297.614,187.933,242.418,211.274,173.855,749.0
1038,31-Aug-21,477,,234.164,297.614,187.933,242.418,211.274,173.855,749.0
1039,31-Aug-21,472,,234.164,297.614,187.933,242.418,211.274,173.855,749.0
1040,01-Sep-21,468,,224.891,281.119,176.204,229.85,197.198,171.077,3787.0
1041,01-Sep-21,463,,224.891,281.119,176.204,229.85,197.198,171.077,3787.0
1042,01-Sep-21,458,,224.891,281.119,176.204,229.85,197.198,171.077,3787.0
1043,01-Sep-21,453,,224.891,281.119,176.204,229.85,197.198,171.077,3787.0
1044,02-Sep-21,448,,215.618,264.624,164.474,217.283,183.123,168.299,1387.0
1045,02-Sep-21,443,,215.618,264.624,164.474,217.283,183.123,168.299,1387.0
1046,02-Sep-21,438,,215.618,264.624,164.474,217.283,183.123,168.299,1387.0
1047,02-Sep-21,433,,215.618,264.624,164.474,217.283,183.123,168.299,1387.0
1048,03-Sep-21,428,,206.345,248.129,152.744,204.715,169.047,165.521,416.0
1049,03-Sep-21,423,,206.345,248.129,152.744,204.715,169.047,165.521,416.0
1050,03-Sep-21,418,,206.345,248.129,152.744,204.715,169.047,165.521,416.0
1051,03-Sep-21,413,,206.345,248.129,152.744,204.715,169.047,165.521,416.0
1052,04-Sep-21,408,,197.072,231.634,141.014,193.995,154.971,162.742,169.0
1053,04-Sep-21,403,,197.072,231.634,141.014,193.995,154.971,162.742,169.0
1054,04-Sep-21,398,,197.072,231.634,141.014,193.995,154.971,162.742,169.0
1055,04-Sep-21,393,,197.072,231.634,141.014,193.995,154.971,162.742,169.0
1056,05-Sep-21,388,,187.799,215.139,129.284,185.874,140.895,159.964,110.0
1057,05-Sep-21,383,,187.799,215.139,129.284,185.874,140.895,159.964,110.0
1058,05-Sep-21,379,,187.799,215.139,129.284,185.874,140.895,159.964,110.0
1059,05-Sep-21,374,,187.799,215.139,129.284,185.874,140.895,159.964,110.0
1060,06-Sep-21,369,,178.526,198.643,120.614,177.753,128.833,157.186,111.0
1061,06-Sep-21,364,,178.526,198.643,120.614,177.753,128.833,157.186,111.0
1062,06-Sep-21,359,,178.526,198.643,120.614,177.753,128.833,157.186,111.0
1063,06-Sep-21,355,,178.526,198.643,120.614,177.753,128.833,157.186,111.0
1064,07-Sep-21,350,,169.253,191.749,120.614,169.632,120.712,154.408,223.0
1065,07-Sep-21,345,,169.253,191.749,120.614,169.632,120.712,154.408,223.0
1066,07-Sep-21,341,,169.253,191.749,120.614,169.632,120.712,154.408,223.0
1067,07-Sep-21,336,,169.253,191.749,120.614,169.632,120.712,154.408,223.0
1068,08-Sep-21,332,,159.98,185.658,120.614,161.512,112.591,151.63,804.0
1069,08-Sep-21,327,,159.98,185.658,120.614,161.512,112.591,151.63,804.0
1070,08-Sep-21,323,,159.98,185.658,120.614,161.512,112.591,151.63,804.0
1071,08-Sep-21,318,,159.98,185.658,120.614,161.512,112.591,151.63,804.0
1072,09-Sep-21,314,,150.707,179.568,120.614,153.391,104.471,148.852,517.0
1073,09-Sep-21,309,,150.707,179.568,120.614,153.391,104.471,148.852,517.0
1074,09-Sep-21,305,,150.707,179.568,120.614,153.391,104.471,148.852,517.0
1075,09-Sep-21,301,,150.707,179.568,120.614,153.391,104.471,148.852,517.0
1076,10-Sep-21,296,,141.434,173.477,120.614,145.27,96.35,146.074,119.0
1077,10-Sep-21,292,,141.434,173.477,120.614,145.27,96.35,146.074,119.0
1078,10-Sep-21,288,,141.434,173.477,120.614,145.27,96.35,146.074,119.0
1079,10-Sep-21,284,,141.434,173.477,120.614,145.27,96.35,146.074,119.0
1080,11-Sep-21,280,,132.161,167.387,120.614,137.15,88.229,143.295,85.0
1081,11-Sep-21,276,,132.161,167.387,120.614,137.15,88.229,143.295,85.0
1082,11-Sep-21,272,,132.161,167.387,120.614,137.15,88.229,143.295,85.0
1083,11-Sep-21,268,,132.161,167.387,120.614,137.15,88.229,143.295,85.0
1084,12-Sep-21,264,,130.928,161.296,120.614,129.029,87.719,140.517,
1085,12-Sep-21,260,,130.928,161.296,120.614,129.029,87.719,140.517,
1086,12-Sep-21,256,,130.928,161.296,120.614,129.029,87.719,140.517,
1087,12-Sep-21,252,,130.928,161.296,120.614,129.029,87.719,140.517,
1088,13-Sep-21,249,,130.233,155.205,120.614,120.908,87.719,137.739,424.0
1089,13-Sep-21,245,,130.233,155.205,120.614,120.908,87.719,137.739,424.0
1090,13-Sep-21,241,,130.233,155.205,120.614,120.908,87.719,137.739,424.0
1091,13-Sep-21,238,,130.233,155.205,120.614,120.908,87.719,137.739,424.0
1092,14-Sep-21,234,,129.539,149.115,120.614,112.788,87.719,134.961,403.0
1093,14-Sep-21,231,,129.539,149.115,120.614,112.788,87.719,134.961,403.0
1094,14-Sep-21,227,,129.539,149.115,120.614,112.788,87.719,134.961,403.0
1095,14-Sep-21,224,,129.539,149.115,120.614,112.788,87.719,134.961,403.0
1096,15-Sep-21,220,,128.844,143.024,116.75,108.03,87.719,132.183,382.0
1097,15-Sep-21,217,,128.844,143.024,116.75,108.03,87.719,132.183,382.0
1098,15-Sep-21,214,,128.844,143.024,116.75,108.03,87.719,132.183,382.0
1099,15-Sep-21,210,,128.844,143.024,116.75,108.03,87.719,132.183,382.0
1100,16-Sep-21,207,,128.15,136.934,112.689,105.391,87.719,128.628,362.0
1101,16-Sep-21,204,,128.15,136.934,112.689,105.391,87.719,128.628,362.0
1102,16-Sep-21,201,,128.15,136.934,112.689,105.391,87.719,128.628,362.0
1103,16-Sep-21,198,,128.15,136.934,112.689,105.391,87.719,128.628,362.0
1104,17-Sep-21,195,,127.455,130.972,108.629,102.751,87.719,124.858,343.0
1105,17-Sep-21,192,,127.455,130.972,108.629,102.751,87.719,124.858,343.0
1106,17-Sep-21,189,,127.455,130.972,108.629,102.751,87.719,124.858,343.0
1107,17-Sep-21,186,,127.455,130.972,108.629,102.751,87.719,124.858,343.0
1108,18-Sep-21,183,,126.761,125.945,104.569,100.112,87.719,121.088,325.0
1109,18-Sep-21,180,,126.761,125.945,104.569,100.112,87.719,121.088,325.0
1110,18-Sep-21,178,,126.761,125.945,104.569,100.112,87.719,121.088,325.0
1111,18-Sep-21,175,,126.761,125.945,104.569,100.112,87.719,121.088,325.0
1112,19-Sep-21,172,,126.066,120.918,100.508,97.473,87.719,117.317,308.0
1113,19-Sep-21,170,,126.066,120.918,100.508,97.473,87.719,117.317,308.0
1114,19-Sep-21,167,,126.066,120.918,100.508,97.473,87.719,117.317,308.0
1115,19-Sep-21,165,,126.066,120.918,100.508,97.473,87.719,117.317,308.0
1116,20-Sep-21,162,,125.372,115.891,96.448,94.834,87.719,113.547,292.0
1117,20-Sep-21,160,,125.372,115.891,96.448,94.834,87.719,113.547,292.0
1118,20-Sep-21,158,,125.372,115.891,96.448,94.834,87.719,113.547,292.0
1119,20-Sep-21,156,,125.372,115.891,96.448,94.834,87.719,113.547,292.0
1120,21-Sep-21,154,,124.677,110.863,92.388,92.195,87.719,109.777,276.0
1121,21-Sep-21,152,,124.677,110.863,92.388,92.195,87.719,109.777,276.0
1122,21-Sep-21,150,,124.677,110.863,92.388,92.195,87.719,109.777,276.0
1123,21-Sep-21,148,,124.677,110.863,92.388,92.195,87.719,109.777,276.0
1124,22-Sep-21,146,,123.983,105.836,88.327,89.555,89.681,108.941,261.0
1125,22-Sep-21,144,,123.983,105.836,88.327,89.555,89.681,108.941,261.0
1126,22-Sep-21,143,,123.983,105.836,88.327,89.555,89.681,108.941,261.0
1127,22-Sep-21,141,,123.983,105.836,88.327,89.555,89.681,108.941,261.0
1128,23-Sep-21,139,,123.288,100.809,84.267,87.719,91.711,108.208,248.0
1129,23-Sep-21,138,,123.288,100.809,84.267,87.719,91.711,108.208,248.0
1130,23-Sep-21,136,,123.288,100.809,84.267,87.719,91.711,108.208,248.0
1131,23-Sep-21,134,,123.288,100.809,84.267,87.719,91.711,108.208,248.0
1132,24-Sep-21,133,,122.594,95.782,80.207,87.719,93.741,107.475,235.0
1133,24-Sep-21,131,,122.594,95.782,80.207,87.719,93.741,107.475,235.0
1134,24-Sep-21,130,,122.594,95.782,80.207,87.719,93.741,107.475,235.0
1135,24-Sep-21,128,,122.594,95.782,80.207,87.719,93.741,107.475,235.0
1136,25-Sep-21,127,,121.899,90.755,76.754,87.719,95.771,106.741,222.0
1137,25-Sep-21,125,,121.899,90.755,76.754,87.719,95.771,106.741,222.0
1138,25-Sep-21,124,,121.899,90.755,76.754,87.719,95.771,106.741,222.0
1139,25-Sep-21,122,,121.899,90.755,76.754,87.719,95.771,106.741,222.0
1140,26-Sep-21,121,,121.205,87.719,76.754,87.719,97.802,106.008,211.0
1141,26-Sep-21,121,,121.205,87.719,76.754,87.719,97.802,106.008,211.0
1142,26-Sep-21,120,,121.205,87.719,76.754,87.719,97.802,106.008,211.0
1143,26-Sep-21,119,,121.205,87.719,76.754,87.719,97.802,106.008,211.0
1144,27-Sep-21,119,,120.41,87.719,76.754,87.719,99.832,105.275,200.0
1145,27-Sep-21,118,,120.41,87.719,76.754,87.719,99.832,105.275,200.0
1146,27-Sep-21,117,,120.41,87.719,76.754,87.719,99.832,105.275,200.0
1147,27-Sep-21,117,,120.41,87.719,76.754,87.719,99.832,105.275,200.0
1148,28-Sep-21,116,,119.044,87.719,76.754,87.719,101.862,104.542,190.0
1149,28-Sep-21,115,,119.044,87.719,76.754,87.719,101.862,104.542,190.0
1150,28-Sep-21,115,,119.044,87.719,76.754,87.719,101.862,104.542,190.0
1151,28-Sep-21,114,,119.044,87.719,76.754,87.719,101.862,104.542,190.0
1152,29-Sep-21,114,,117.679,87.719,76.754,87.719,103.892,103.809,180.0
1153,29-Sep-21,113,,117.679,87.719,76.754,87.719,103.892,103.809,180.0
1154,29-Sep-21,112,,117.679,87.719,76.754,87.719,103.892,103.809,180.0
1155,29-Sep-21,112,,117.679,87.719,76.754,87.719,103.892,103.809,180.0
1156,30-Sep-21,111,,116.314,87.719,76.754,87.719,105.922,103.076,171.0
1157,30-Sep-21,111,,116.314,87.719,76.754,87.719,105.922,103.076,171.0
1158,30-Sep-21,110,,116.314,87.719,76.754,87.719,105.922,103.076,171.0
1159,30-Sep-21,110,,116.314,87.719,76.754,87.719,105.922,103.076,171.0
1160,01-Oct-21,109,,114.949,87.719,76.754,87.719,107.952,102.343,3816.0
1161,01-Oct-21,109,,114.949,87.719,76.754,87.719,107.952,102.343,3816.0
1162,01-Oct-21,108,,114.949,87.719,76.754,87.719,107.952,102.343,3816.0
1163,01-Oct-21,108,,114.949,87.719,76.754,87.719,107.952,102.343,3816.0
1164,02-Oct-21,107,,113.584,87.719,76.754,87.719,109.649,101.61,1311.0
1165,02-Oct-21,107,,113.584,87.719,76.754,87.719,109.649,101.61,1311.0
1166,02-Oct-21,106,,113.584,87.719,76.754,87.719,109.649,101.61,1311.0
1167,02-Oct-21,106,,113.584,87.719,76.754,87.719,109.649,101.61,1311.0
1168,03-Oct-21,106,,112.219,87.719,76.754,87.719,109.649,100.876,394.0
1169,03-Oct-21,105,,112.219,87.719,76.754,87.719,109.649,100.876,394.0
1170,03-Oct-21,105,,112.219,87.719,76.754,87.719,109.649,100.876,394.0
1171,03-Oct-21,105,,112.219,87.719,76.754,87.719,109.649,100.876,394.0
1172,04-Oct-21,104,,110.854,87.719,75.449,87.719,109.649,100.143,165.0
1173,04-Oct-21,104,,110.854,87.719,75.449,87.719,109.649,100.143,165.0
1174,04-Oct-21,104,,110.854,87.719,75.449,87.719,109.649,100.143,165.0
1175,04-Oct-21,103,,110.854,87.719,75.449,87.719,109.649,100.143,165.0
1176,05-Oct-21,103,,109.489,87.719,73.897,87.381,109.649,99.41,109.0
1177,05-Oct-21,103,,109.489,87.719,73.897,87.381,109.649,99.41,109.0
1178,05-Oct-21,102,,109.489,87.719,73.897,87.381,109.649,99.41,109.0
1179,05-Oct-21,102,,109.489,87.719,73.897,87.381,109.649,99.41,109.0
1180,06-Oct-21,102,,108.124,87.719,72.344,86.062,109.649,98.676,113.0
1181,06-Oct-21,101,,108.124,87.719,72.344,86.062,109.649,98.676,113.0
1182,06-Oct-21,101,,108.124,87.719,72.344,86.062,109.649,98.676,113.0
1183,06-Oct-21,101,,108.124,87.719,72.344,86.062,109.649,98.676,113.0
1184,07-Oct-21,100,,106.758,87.719,70.792,84.742,109.649,97.825,229.0
1185,07-Oct-21,100,,106.758,87.719,70.792,84.742,109.649,97.825,229.0
1186,07-Oct-21,100,,106.758,87.719,70.792,84.742,109.649,97.825,229.0
1187,07-Oct-21,99,,106.758,87.719,70.792,84.742,109.649,97.825,229.0
1188,08-Oct-21,99,,105.393,87.719,69.239,83.423,109.649,96.973,828.0
1189,08-Oct-21,99,,105.393,87.719,69.239,83.423,109.649,96.973,828.0
1190,08-Oct-21,99,,105.393,87.719,69.239,83.423,109.649,96.973,828.0
1191,08-Oct-21,98,,105.393,87.719,69.239,83.423,109.649,96.973,828.0
1192,09-Oct-21,98,,104.028,87.719,67.687,82.103,109.649,96.122,493.0
1193,09-Oct-21,98,,104.028,87.719,67.687,82.103,109.649,96.122,493.0
1194,09-Oct-21,98,,104.028,87.719,67.687,82.103,109.649,96.122,493.0
1195,09-Oct-21,97,,104.028,87.719,67.687,82.103,109.649,96.122,493.0
1196,10-Oct-21,97,,102.663,87.719,66.134,80.783,109.649,95.271,116.0
1197,10-Oct-21,97,,102.663,87.719,66.134,80.783,109.649,95.271,116.0
1198,10-Oct-21,97,,102.663,87.719,66.134,80.783,109.649,95.271,116.0
1199,10-Oct-21,96,,102.663,87.719,66.134,80.783,109.649,95.271,116.0
1200,11-Oct-21,96,,101.298,87.719,64.582,79.464,109.649,94.419,85.0
1201,11-Oct-21,96,,101.298,87.719,64.582,79.464,109.649,94.419,85.0
1202,11-Oct-21,96,,101.298,87.719,64.582,79.464,109.649,94.419,85.0
1203,11-Oct-21,95,,101.298,87.719,64.582,79.464,109.649,94.419,85.0
1204,12-Oct-21,95,,99.933,87.719,63.029,78.144,109.649,93.568,
1205,12-Oct-21,95,,99.933,87.719,63.029,78.144,109.649,93.568,
1206,12-Oct-21,95,,99.933,87.719,63.029,78.144,109.649,93.568,
1207,12-Oct-21,95,,99.933,87.719,63.029,78.144,109.649,93.568,
1208,13-Oct-21,94,,98.568,87.719,61.477,76.825,109.649,92.716,107.0
1209,13-Oct-21,94,,98.568,87.719,61.477,76.825,109.649,92.716,107.0
1210,13-Oct-21,94,,98.568,87.719,61.477,76.825,109.649,92.716,107.0
1211,13-Oct-21,94,,98.568,87.719,61.477,76.825,109.649,92.716,107.0
1212,14-Oct-21,94,,97.203,87.719,59.925,77.796,109.438,91.865,104.0
1213,14-Oct-21,93,,97.203,87.719,59.925,77.796,109.438,91.865,104.0
1214,14-Oct-21,93,,97.203,87.719,59.925,77.796,109.438,91.865,104.0
1215,14-Oct-21,93,,97.203,87.719,59.925,77.796,109.438,91.865,104.0
1216,15-Oct-21,93,,95.837,87.719,58.372,78.895,107.618,91.014,102.0
1217,15-Oct-21,93,,95.837,87.719,58.372,78.895,107.618,91.014,102.0
1218,15-Oct-21,92,,95.837,87.719,58.372,78.895,107.618,91.014,102.0
1219,15-Oct-21,92,,95.837,87.719,58.372,78.895,107.618,91.014,102.0
1220,16-Oct-21,92,,94.472,87.719,56.82,79.995,105.798,90.162,100.0
1221,16-Oct-21,92,,94.472,87.719,56.82,79.995,105.798,90.162,100.0
1222,16-Oct-21,92,,94.472,87.719,56.82,79.995,105.798,90.162,100.0
1223,16-Oct-21,92,,94.472,87.719,56.82,79.995,105.798,90.162,100.0
1224,17-Oct-21,91,,93.107,87.719,55.267,81.095,103.978,89.311,98.0
1225,17-Oct-21,91,,93.107,87.719,55.267,81.095,103.978,89.311,98.0
1226,17-Oct-21,91,,93.107,87.719,55.267,81.095,103.978,89.311,98.0
1227,17-Oct-21,91,,93.107,87.719,55.267,81.095,103.978,89.311,98.0
1228,18-Oct-21,91,,91.742,87.719,56.811,82.194,102.157,88.46,96.0
1229,18-Oct-21,91,,91.742,87.719,56.811,82.194,102.157,88.46,96.0
1230,18-Oct-21,91,,91.742,87.719,56.811,82.194,102.157,88.46,96.0
1231,18-Oct-21,90,,91.742,87.719,56.811,82.194,102.157,88.46,96.0
1232,19-Oct-21,90,,90.377,87.719,59.589,83.294,100.337,87.911,94.0
1233,19-Oct-21,90,,90.377,87.719,59.589,83.294,100.337,87.911,94.0
1234,19-Oct-21,90,,90.377,87.719,59.589,83.294,100.337,87.911,94.0
1235,19-Oct-21,90,,90.377,87.719,59.589,83.294,100.337,87.911,94.0
1236,20-Oct-21,90,,89.012,87.719,62.367,84.394,98.517,89.377,93.0
1237,20-Oct-21,90,,89.012,87.719,62.367,84.394,98.517,89.377,93.0
1238,20-Oct-21,89,,89.012,87.719,62.367,84.394,98.517,89.377,93.0
1239,20-Oct-21,89,,89.012,87.719,62.367,84.394,98.517,89.377,93.0
1240,21-Oct-21,89,,87.649,87.719,65.145,85.493,96.697,90.843,92.0
1241,21-Oct-21,89,,87.649,87.719,65.145,85.493,96.697,90.843,92.0
1242,21-Oct-21,89,,87.649,87.719,65.145,85.493,96.697,90.843,92.0
1243,21-Oct-21,89,,87.649,87.719,65.145,85.493,96.697,90.843,92.0
1244,22-Oct-21,89,,86.33,87.719,67.923,86.593,94.877,92.309,92.0
1245,22-Oct-21,89,,86.33,87.719,67.923,86.593,94.877,92.309,92.0
1246,22-Oct-21,89,,86.33,87.719,67.923,86.593,94.877,92.309,92.0
1247,22-Oct-21,88,,86.33,87.719,67.923,86.593,94.877,92.309,92.0
1248,23-Oct-21,88,,85.01,87.719,70.702,87.693,93.057,93.775,91.0
1249,23-Oct-21,88,,85.01,87.719,70.702,87.693,93.057,93.775,91.0
1250,23-Oct-21,88,,85.01,87.719,70.702,87.693,93.057,93.775,91.0
1251,23-Oct-21,88,,85.01,87.719,70.702,87.693,93.057,93.775,91.0
1252,24-Oct-21,88,,83.69,87.719,73.48,86.799,91.237,95.242,90.0
1253,24-Oct-21,88,,83.69,87.719,73.48,86.799,91.237,95.242,90.0
1254,24-Oct-21,88,,83.69,87.719,73.48,86.799,91.237,95.242,90.0
1255,24-Oct-21,88,,83.69,87.719,73.48,86.799,91.237,95.242,90.0
1256,25-Oct-21,87,,82.371,87.719,76.258,85.857,89.416,96.708,90.0
1257,25-Oct-21,87,,82.371,87.719,76.258,85.857,89.416,96.708,90.0
1258,25-Oct-21,87,,82.371,87.719,76.258,85.857,89.416,96.708,90.0
1259,25-Oct-21,87,,82.371,87.719,76.258,85.857,89.416,96.708,90.0
1260,26-Oct-21,87,,81.051,87.719,76.754,84.914,87.788,98.174,89.0
1261,26-Oct-21,87,,81.051,87.719,76.754,84.914,87.788,98.174,89.0
1262,26-Oct-21,87,,81.051,87.719,76.754,84.914,87.788,98.174,89.0
1263,26-Oct-21,87,,81.051,87.719,76.754,84.914,87.788,98.174,89.0
1264,27-Oct-21,87,,79.731,87.719,76.754,83.972,88.803,97.865,89.0
1265,27-Oct-21,87,,79.731,87.719,76.754,83.972,88.803,97.865,89.0
1266,27-Oct-21,87,,79.731,87.719,76.754,83.972,88.803,97.865,89.0
1267,27-Oct-21,87,,79.731,87.719,76.754,83.972,88.803,97.865,89.0
1268,28-Oct-21,86,,78.412,87.719,76.754,83.029,89.818,96.608,89.0
1269,28-Oct-21,86,,78.412,87.719,76.754,83.029,89.818,96.608,89.0
1270,28-Oct-21,86,,78.412,87.719,76.754,83.029,89.818,96.608,89.0
1271,28-Oct-21,86,,78.412,87.719,76.754,83.029,89.818,96.608,89.0
1272,29-Oct-21,86,,77.092,87.719,76.754,82.087,90.833,95.351,88.0
1273,29-Oct-21,86,,77.092,87.719,76.754,82.087,90.833,95.351,88.0
1274,29-Oct-21,86,,77.092,87.719,76.754,82.087,90.833,95.351,88.0
1275,29-Oct-21,86,,77.092,87.719,76.754,82.087,90.833,95.351,88.0
1276,30-Oct-21,86,,75.773,87.719,76.754,81.144,91.848,94.094,88.0
1277,30-Oct-21,86,,75.773,87.719,76.754,81.144,91.848,94.094,88.0
1278,30-Oct-21,86,,75.773,87.719,76.754,81.144,91.848,94.094,88.0
1279,30-Oct-21,86,,75.773,87.719,76.754,81.144,91.848,94.094,88.0
1280,31-Oct-21,86,,74.453,87.719,76.754,80.201,92.863,92.837,87.0
1281,31-Oct-21,86,,74.453,87.719,76.754,80.201,92.863,92.837,87.0
1282,31-Oct-21,85,,74.453,87.719,76.754,80.201,92.863,92.837,87.0
1283,31-Oct-21,85,,74.453,87.719,76.754,80.201,92.863,92.837,87.0
